Paper_ID,Sample_ID,BIOREACTOR,Operation_Mode,DAY,Lactate,Lactose,succinate,Acetate,Propionate,Isobutyrate,Butyrate,Isovalerate,Valerate,Isocaproate,Caproate,Heptanoate,Caprylate,Ethanol,i-propanol,Propanol,izo-butanol,Butanol,PH,TEMP,HRT,NAOH,g__Acetobacter,g__Achromobacter,g__Acinetobacter,g__Actinomyces,g__Alcaligenes,g__Anaerocolumna,g__Anaerofilum,g__Anaerostignum,g__Aquamicrobium,g__Atopobium,g__Bacillus,g__Bacteroides,g__Bifidobacterium,g__Bordetella,g__Brevundimonas,g__Brucella,g__Caproiciproducens,g__Citrobacter,g__Clostridium_sensu_stricto_1,g__Clostridium_sensu_stricto_10,g__Clostridium_sensu_stricto_11,g__Clostridium_sensu_stricto_12,g__Clostridium_sensu_stricto_16,g__Clostridium_sensu_stricto_2,g__Clostridium_sensu_stricto_3,g__Desulfovibrio,g__Dialister,g__Erysipelotrichaceae_UCG-006,g__Escherichia-Shigella,g__Eubacterium_fissicatena_group,g__Eubacterium_nodatum_group,g__Fonticella,g__Herbinix,g__Incertae_Sedis,g__Intestinimonas,g__Lacticaseibacillus,g__Lactobacillus,g__Lactococcus,g__Lentilactobacillus,g__Lysinibacillus,g__Methanobrevibacter,g__Moryella,g__Ochrobactrum,g__Olsenella,g__Orrella,g__Oscillibacter,g__Parabacteroides,g__Paralcaligenes,g__Pectinatus,g__Pediococcus,g__Prevotella_7,g__Prevotellaceae_UCG-004,g__Pseudoclavibacter,g__Rhodococcus,g__Rummeliibacillus,g__Schleiferilactobacillus,g__Sedimentibacter,g__Sphaerochaeta,g__Stenotrophomonas,g__Sutterella,g__Thermoanaerobacterium,g__Tissierella,g__Tuzzerella,g__UCG-004,g__Unclassified,g__Acetanaerobacterium,g__Acetivibrio,g__Acidipropionibacterium,g__Acidovorax,g__Acutalibacter,g__Aeribacillus,g__Akkermansia,g__Alicycliphilus,g__Alteracholeplasma,g__Amedibacillus,g__Anaerobium,g__Anaeromassilibacillus,g__Anaerorhabdus,g__Anaerosporomusa,g__Anaerostipes,g__Anaerotruncus,g__Angelakisella,g__Bittarella,g__Blautia,g__Caldibacillus,g__Caloramator,g__Candidatus Galacturonibacter,g__Caproicibacter,g__Caulobacter,g__Cellulosilyticum,g__Christensenella,g__Coprococcus,g__Desulfitobacterium,g__Desulfosporosinus,g__Desulfotomaculum,g__Dielma,g__Dorea,g__Dysosmobacter,g__Eisenbergiella,g__Enterocloster,g__Entomoplasma,g__Erysipelatoclostridium,g__Erysipelothrix,g__Ethanoligenens,g__Eubacterium,g__Evtepia,g__Faecalibacterium,g__Faecalicatena,g__Faecalimonas,g__Faecalitalea,g__Flavonifractor,g__Fructobacillus,g__Gluconobacter,g__Gottschalkia,g__Gudongella,g__Haploplasma,g__Harryflintia,g__Heliorestis,g__Holdemanella,g__Hydrogenoanaerobacterium,g__Hyphomicrobium,g__Kineothrix,g__Lachnoclostridium,g__Lachnospira,g__Lachnotalea,g__Lacrimispora,g__Lactiplantibacillus,g__Latilactobacillus,g__Lawsonibacter,g__Leuconostoc,g__Levilactobacillus,g__Lucifera,g__Marasmitruncus,g__Massiliimalia,g__Mediterraneibacter,g__Mesoplasma,g__Methylobacillus,g__Methylocystis,g__Methylomusa,g__Mobilisporobacter,g__Monoglobus,g__Mycoplasma,g__Neglectibacter,g__Neobittarella,g__Odoribacter,g__Paeniclostridium,g__Petroclostridium,g__Propionibacterium,g__Provencibacterium,g__Pseudobacteroides,g__Pseudoclostridium,g__Pseudoflavonifractor,g__Pseudoruminococcus,g__Pseudoxanthomonas,g__Robinsoniella,g__Roseburia,g__Ruminiclostridium,g__Ruminococcus,g__Ruthenibacterium,g__Solobacterium,g__Spiroplasma,g__Sporolactobacillus,g__Sporomusa,g__Thermobrachium,g__Thermoclostridium,g__Thermosinus,g__Weizmannia,g__Xylanivirga,g__unclassified Lachnospiraceae genus,g__unclassified Oscillospiraceae genus,Feed_Complexity,Primary_Carbon_Signature
Brodowski_2025,SRR28044236,B1,CSTR,26,3.0,,,42.0,0.0,1.0,24.0,1.0,1.0,0.0,160.0,0.0,2.0,0.0,,0.0,,0.0,5.5,30,4.0,,0.0,0.0,0.0,0.0,0.0,0.0,0.0,0.0,0.0,0.0,0.0,0.0,0.0,0.0,2263.0,37.0,63297.0,0.0,37.0,0.0,0.0,7720.0,0.0,42.0,0.0,0.0,0.0,0.0,0.0,0.0,0.0,0.0,0.0,116.0,0.0,0.0,0.0,0.0,0.0,315.0,0.0,0.0,60.0,0.0,0.0,4925.0,0.0,0.0,0.0,0.0,0.0,0.0,0.0,49.0,215.0,0.0,0.0,0.0,53.0,0.0,0.0,0.0,0.0,0.0,4157,0.0,0.0,0.0,0.0,0.0,0.0,0.0,0.0,0.0,0.0,0.0,0.0,0.0,0.0,0.0,0.0,0.0,0.0,0.0,0.0,0.0,0.0,0.0,0.0,0.0,0.0,0.0,0.0,0.0,0.0,0.0,0.0,0.0,0.0,0.0,0.0,0.0,0.0,0.0,0.0,0.0,0.0,0.0,0.0,0.0,0.0,0.0,0.0,0.0,0.0,0.0,0.0,0.0,0.0,0.0,0.0,0.0,0.0,0.0,0.0,0.0,0.0,0.0,0.0,0.0,0.0,0.0,0.0,0.0,0.0,0.0,0.0,0.0,0.0,0.0,0.0,0.0,0.0,0.0,0.0,0.0,0.0,0.0,0.0,0.0,0.0,0.0,0.0,0.0,0.0,0.0,0.0,0.0,0.0,0.0,0.0,0.0,0.0,0.0,0.0,0.0,0.0,0.0,0.0,0.0,Defined Synthetic Media,Lactate + Acetate
Brodowski_2025,SRR28044235,B1,CSTR,54,4.0,,,59.0,0.0,1.0,34.0,1.0,0.0,0.0,180.0,0.0,3.0,0.0,,0.0,,0.0,6.0,30,4.0,,0.0,0.0,0.0,0.0,0.0,81.0,0.0,0.0,0.0,0.0,0.0,0.0,0.0,0.0,5723.0,976.0,46619.0,0.0,76.0,0.0,0.0,12633.0,0.0,32.0,34.0,0.0,0.0,0.0,0.0,0.0,0.0,0.0,33.0,111.0,0.0,0.0,0.0,0.0,0.0,1007.0,0.0,0.0,577.0,0.0,0.0,8408.0,0.0,0.0,0.0,0.0,0.0,0.0,0.0,682.0,61.0,0.0,147.0,0.0,1854.0,0.0,0.0,0.0,0.0,0.0,1482,0.0,0.0,0.0,0.0,0.0,0.0,0.0,0.0,0.0,0.0,0.0,0.0,0.0,0.0,0.0,0.0,0.0,0.0,0.0,0.0,0.0,0.0,0.0,0.0,0.0,0.0,0.0,0.0,0.0,0.0,0.0,0.0,0.0,0.0,0.0,0.0,0.0,0.0,0.0,0.0,0.0,0.0,0.0,0.0,0.0,0.0,0.0,0.0,0.0,0.0,0.0,0.0,0.0,0.0,0.0,0.0,0.0,0.0,0.0,0.0,0.0,0.0,0.0,0.0,0.0,0.0,0.0,0.0,0.0,0.0,0.0,0.0,0.0,0.0,0.0,0.0,0.0,0.0,0.0,0.0,0.0,0.0,0.0,0.0,0.0,0.0,0.0,0.0,0.0,0.0,0.0,0.0,0.0,0.0,0.0,0.0,0.0,0.0,0.0,0.0,0.0,0.0,0.0,0.0,0.0,Defined Synthetic Media,Lactate + Acetate
Brodowski_2025,SRR28044229,B1,CSTR,65,0.0,,,79.0,37.0,1.0,26.0,1.0,7.0,0.0,123.0,1.0,2.0,0.0,,0.0,,0.0,6.5,30,4.0,,0.0,0.0,0.0,0.0,0.0,202.0,0.0,2652.0,0.0,0.0,0.0,0.0,0.0,0.0,6286.0,1065.0,24066.0,0.0,64.0,0.0,0.0,4103.0,0.0,300.0,194.0,0.0,0.0,0.0,0.0,0.0,0.0,0.0,61.0,0.0,83.0,0.0,0.0,0.0,0.0,541.0,0.0,0.0,643.0,0.0,0.0,4377.0,0.0,0.0,0.0,0.0,0.0,0.0,0.0,700.0,131.0,0.0,647.0,0.0,902.0,0.0,0.0,0.0,4855.0,0.0,2952,0.0,0.0,0.0,0.0,0.0,0.0,0.0,0.0,0.0,0.0,0.0,0.0,0.0,0.0,0.0,0.0,0.0,0.0,0.0,0.0,0.0,0.0,0.0,0.0,0.0,0.0,0.0,0.0,0.0,0.0,0.0,0.0,0.0,0.0,0.0,0.0,0.0,0.0,0.0,0.0,0.0,0.0,0.0,0.0,0.0,0.0,0.0,0.0,0.0,0.0,0.0,0.0,0.0,0.0,0.0,0.0,0.0,0.0,0.0,0.0,0.0,0.0,0.0,0.0,0.0,0.0,0.0,0.0,0.0,0.0,0.0,0.0,0.0,0.0,0.0,0.0,0.0,0.0,0.0,0.0,0.0,0.0,0.0,0.0,0.0,0.0,0.0,0.0,0.0,0.0,0.0,0.0,0.0,0.0,0.0,0.0,0.0,0.0,0.0,0.0,0.0,0.0,0.0,0.0,0.0,Defined Synthetic Media,Lactate + Acetate
Brodowski_2025,SRR28044228,B1,CSTR,80,0.0,,,50.0,2.0,1.0,37.0,1.0,3.0,0.0,139.0,2.0,2.0,0.0,,0.0,,0.0,6.5,30,4.0,,0.0,0.0,0.0,0.0,0.0,144.0,0.0,520.0,0.0,0.0,0.0,0.0,0.0,0.0,5574.0,1090.0,24558.0,0.0,0.0,0.0,0.0,3618.0,0.0,0.0,513.0,0.0,0.0,0.0,0.0,0.0,0.0,0.0,49.0,0.0,0.0,0.0,0.0,0.0,0.0,323.0,0.0,0.0,648.0,0.0,0.0,10603.0,0.0,0.0,0.0,0.0,0.0,0.0,0.0,889.0,428.0,0.0,443.0,0.0,1048.0,0.0,0.0,0.0,611.0,0.0,6725,0.0,0.0,0.0,0.0,0.0,0.0,0.0,0.0,0.0,0.0,0.0,0.0,0.0,0.0,0.0,0.0,0.0,0.0,0.0,0.0,0.0,0.0,0.0,0.0,0.0,0.0,0.0,0.0,0.0,0.0,0.0,0.0,0.0,0.0,0.0,0.0,0.0,0.0,0.0,0.0,0.0,0.0,0.0,0.0,0.0,0.0,0.0,0.0,0.0,0.0,0.0,0.0,0.0,0.0,0.0,0.0,0.0,0.0,0.0,0.0,0.0,0.0,0.0,0.0,0.0,0.0,0.0,0.0,0.0,0.0,0.0,0.0,0.0,0.0,0.0,0.0,0.0,0.0,0.0,0.0,0.0,0.0,0.0,0.0,0.0,0.0,0.0,0.0,0.0,0.0,0.0,0.0,0.0,0.0,0.0,0.0,0.0,0.0,0.0,0.0,0.0,0.0,0.0,0.0,0.0,Defined Synthetic Media,Lactate + Acetate
Brodowski_2025,SRR28044227,B1,CSTR,105,0.0,,,127.0,164.0,1.0,12.0,1.0,19.0,0.0,3.0,0.0,0.0,0.0,,0.0,,0.0,7.0,30,4.0,,0.0,0.0,0.0,0.0,0.0,494.0,0.0,2502.0,0.0,0.0,0.0,0.0,0.0,0.0,3670.0,850.0,1346.0,0.0,0.0,0.0,0.0,76.0,0.0,47.0,217.0,0.0,0.0,0.0,0.0,0.0,0.0,0.0,200.0,0.0,407.0,0.0,0.0,0.0,0.0,650.0,0.0,0.0,511.0,0.0,0.0,5404.0,0.0,0.0,0.0,0.0,0.0,0.0,0.0,74.0,80.0,0.0,2032.0,0.0,1224.0,0.0,0.0,0.0,14789.0,0.0,6217,0.0,0.0,0.0,0.0,0.0,0.0,0.0,0.0,0.0,0.0,0.0,0.0,0.0,0.0,0.0,0.0,0.0,0.0,0.0,0.0,0.0,0.0,0.0,0.0,0.0,0.0,0.0,0.0,0.0,0.0,0.0,0.0,0.0,0.0,0.0,0.0,0.0,0.0,0.0,0.0,0.0,0.0,0.0,0.0,0.0,0.0,0.0,0.0,0.0,0.0,0.0,0.0,0.0,0.0,0.0,0.0,0.0,0.0,0.0,0.0,0.0,0.0,0.0,0.0,0.0,0.0,0.0,0.0,0.0,0.0,0.0,0.0,0.0,0.0,0.0,0.0,0.0,0.0,0.0,0.0,0.0,0.0,0.0,0.0,0.0,0.0,0.0,0.0,0.0,0.0,0.0,0.0,0.0,0.0,0.0,0.0,0.0,0.0,0.0,0.0,0.0,0.0,0.0,0.0,0.0,Defined Synthetic Media,Lactate + Acetate
Brodowski_2025,SRR28044226,B1,CSTR,128,0.0,,,68.0,53.0,1.0,32.0,1.0,59.0,0.0,35.0,3.0,0.0,0.0,,0.0,,0.0,7.0,30,4.0,,0.0,0.0,0.0,0.0,0.0,167.0,0.0,3870.0,0.0,0.0,0.0,0.0,0.0,0.0,4548.0,1622.0,1311.0,0.0,22.0,0.0,0.0,98.0,0.0,64.0,261.0,0.0,0.0,0.0,0.0,0.0,0.0,0.0,154.0,0.0,25.0,0.0,0.0,0.0,0.0,1167.0,0.0,0.0,973.0,0.0,0.0,4852.0,0.0,0.0,0.0,0.0,0.0,0.0,0.0,21.0,1611.0,0.0,2169.0,0.0,677.0,0.0,0.0,0.0,12082.0,0.0,5598,0.0,0.0,0.0,0.0,0.0,0.0,0.0,0.0,0.0,0.0,0.0,0.0,0.0,0.0,0.0,0.0,0.0,0.0,0.0,0.0,0.0,0.0,0.0,0.0,0.0,0.0,0.0,0.0,0.0,0.0,0.0,0.0,0.0,0.0,0.0,0.0,0.0,0.0,0.0,0.0,0.0,0.0,0.0,0.0,0.0,0.0,0.0,0.0,0.0,0.0,0.0,0.0,0.0,0.0,0.0,0.0,0.0,0.0,0.0,0.0,0.0,0.0,0.0,0.0,0.0,0.0,0.0,0.0,0.0,0.0,0.0,0.0,0.0,0.0,0.0,0.0,0.0,0.0,0.0,0.0,0.0,0.0,0.0,0.0,0.0,0.0,0.0,0.0,0.0,0.0,0.0,0.0,0.0,0.0,0.0,0.0,0.0,0.0,0.0,0.0,0.0,0.0,0.0,0.0,0.0,Defined Synthetic Media,Lactate + Acetate
Brodowski_2025,SRR28044225,B1,CSTR,155,0.0,,,48.0,0.0,1.0,32.0,1.0,0.0,0.0,183.0,0.0,3.0,0.0,,0.0,,0.0,5.5,30,4.0,,0.0,0.0,0.0,0.0,0.0,21.0,0.0,0.0,0.0,0.0,0.0,0.0,0.0,0.0,7855.0,1251.0,54119.0,0.0,0.0,0.0,0.0,18126.0,0.0,0.0,94.0,0.0,0.0,0.0,0.0,0.0,0.0,0.0,27.0,0.0,0.0,0.0,0.0,0.0,0.0,370.0,0.0,0.0,781.0,0.0,0.0,1746.0,0.0,0.0,0.0,0.0,0.0,0.0,0.0,70.0,253.0,0.0,135.0,0.0,258.0,0.0,0.0,0.0,44.0,0.0,3265,0.0,0.0,0.0,0.0,0.0,0.0,0.0,0.0,0.0,0.0,0.0,0.0,0.0,0.0,0.0,0.0,0.0,0.0,0.0,0.0,0.0,0.0,0.0,0.0,0.0,0.0,0.0,0.0,0.0,0.0,0.0,0.0,0.0,0.0,0.0,0.0,0.0,0.0,0.0,0.0,0.0,0.0,0.0,0.0,0.0,0.0,0.0,0.0,0.0,0.0,0.0,0.0,0.0,0.0,0.0,0.0,0.0,0.0,0.0,0.0,0.0,0.0,0.0,0.0,0.0,0.0,0.0,0.0,0.0,0.0,0.0,0.0,0.0,0.0,0.0,0.0,0.0,0.0,0.0,0.0,0.0,0.0,0.0,0.0,0.0,0.0,0.0,0.0,0.0,0.0,0.0,0.0,0.0,0.0,0.0,0.0,0.0,0.0,0.0,0.0,0.0,0.0,0.0,0.0,0.0,Defined Synthetic Media,Lactate + Acetate
Brodowski_2025,SRR28044224,B2,CSTR,26,3.0,,,183.0,0.0,1.0,88.0,1.0,0.0,0.0,111.0,0.0,0.0,87.0,,0.0,,26.0,5.5,30,4.0,,0.0,0.0,0.0,0.0,0.0,0.0,0.0,0.0,0.0,0.0,0.0,0.0,0.0,0.0,0.0,0.0,62444.0,0.0,0.0,0.0,0.0,4735.0,0.0,0.0,0.0,0.0,0.0,0.0,0.0,0.0,0.0,0.0,0.0,0.0,0.0,0.0,0.0,0.0,0.0,0.0,0.0,0.0,0.0,0.0,0.0,8230.0,0.0,0.0,0.0,0.0,0.0,0.0,0.0,0.0,860.0,0.0,0.0,0.0,12.0,0.0,0.0,0.0,0.0,0.0,2282,0.0,0.0,0.0,0.0,0.0,0.0,0.0,0.0,0.0,0.0,0.0,0.0,0.0,0.0,0.0,0.0,0.0,0.0,0.0,0.0,0.0,0.0,0.0,0.0,0.0,0.0,0.0,0.0,0.0,0.0,0.0,0.0,0.0,0.0,0.0,0.0,0.0,0.0,0.0,0.0,0.0,0.0,0.0,0.0,0.0,0.0,0.0,0.0,0.0,0.0,0.0,0.0,0.0,0.0,0.0,0.0,0.0,0.0,0.0,0.0,0.0,0.0,0.0,0.0,0.0,0.0,0.0,0.0,0.0,0.0,0.0,0.0,0.0,0.0,0.0,0.0,0.0,0.0,0.0,0.0,0.0,0.0,0.0,0.0,0.0,0.0,0.0,0.0,0.0,0.0,0.0,0.0,0.0,0.0,0.0,0.0,0.0,0.0,0.0,0.0,0.0,0.0,0.0,0.0,0.0,Defined Synthetic Media,Lactate + Ethanol + Acetate
Brodowski_2025,SRR28044223,B2,CSTR,44,1.0,,,139.0,0.0,1.0,114.0,1.0,0.0,0.0,164.0,0.0,1.0,48.0,,0.0,,21.0,6.0,30,4.0,,0.0,0.0,0.0,78.0,0.0,0.0,0.0,0.0,0.0,0.0,0.0,0.0,0.0,0.0,0.0,0.0,69357.0,0.0,0.0,0.0,0.0,3835.0,0.0,0.0,0.0,0.0,0.0,0.0,0.0,0.0,0.0,0.0,0.0,0.0,0.0,0.0,0.0,0.0,0.0,0.0,0.0,0.0,112.0,0.0,0.0,9535.0,0.0,0.0,0.0,0.0,0.0,0.0,0.0,233.0,4439.0,0.0,0.0,0.0,336.0,0.0,0.0,0.0,0.0,0.0,1454,0.0,0.0,0.0,0.0,0.0,0.0,0.0,0.0,0.0,0.0,0.0,0.0,0.0,0.0,0.0,0.0,0.0,0.0,0.0,0.0,0.0,0.0,0.0,0.0,0.0,0.0,0.0,0.0,0.0,0.0,0.0,0.0,0.0,0.0,0.0,0.0,0.0,0.0,0.0,0.0,0.0,0.0,0.0,0.0,0.0,0.0,0.0,0.0,0.0,0.0,0.0,0.0,0.0,0.0,0.0,0.0,0.0,0.0,0.0,0.0,0.0,0.0,0.0,0.0,0.0,0.0,0.0,0.0,0.0,0.0,0.0,0.0,0.0,0.0,0.0,0.0,0.0,0.0,0.0,0.0,0.0,0.0,0.0,0.0,0.0,0.0,0.0,0.0,0.0,0.0,0.0,0.0,0.0,0.0,0.0,0.0,0.0,0.0,0.0,0.0,0.0,0.0,0.0,0.0,0.0,Defined Synthetic Media,Lactate + Ethanol + Acetate
Brodowski_2025,SRR28044222,B2,CSTR,54,1.0,,,91.0,0.0,1.0,223.0,1.0,1.0,0.0,233.0,0.0,1.0,0.0,,0.0,,5.0,6.0,30,4.0,,0.0,0.0,0.0,20.0,0.0,0.0,0.0,0.0,0.0,0.0,0.0,0.0,0.0,0.0,0.0,128.0,55413.0,0.0,0.0,0.0,0.0,5597.0,0.0,0.0,0.0,0.0,0.0,0.0,0.0,0.0,0.0,0.0,0.0,78.0,0.0,0.0,0.0,0.0,0.0,0.0,0.0,0.0,14.0,0.0,0.0,20054.0,0.0,0.0,0.0,0.0,0.0,0.0,0.0,173.0,3647.0,0.0,0.0,0.0,2104.0,0.0,0.0,0.0,0.0,0.0,5425,0.0,0.0,0.0,0.0,0.0,0.0,0.0,0.0,0.0,0.0,0.0,0.0,0.0,0.0,0.0,0.0,0.0,0.0,0.0,0.0,0.0,0.0,0.0,0.0,0.0,0.0,0.0,0.0,0.0,0.0,0.0,0.0,0.0,0.0,0.0,0.0,0.0,0.0,0.0,0.0,0.0,0.0,0.0,0.0,0.0,0.0,0.0,0.0,0.0,0.0,0.0,0.0,0.0,0.0,0.0,0.0,0.0,0.0,0.0,0.0,0.0,0.0,0.0,0.0,0.0,0.0,0.0,0.0,0.0,0.0,0.0,0.0,0.0,0.0,0.0,0.0,0.0,0.0,0.0,0.0,0.0,0.0,0.0,0.0,0.0,0.0,0.0,0.0,0.0,0.0,0.0,0.0,0.0,0.0,0.0,0.0,0.0,0.0,0.0,0.0,0.0,0.0,0.0,0.0,0.0,Defined Synthetic Media,Lactate + Ethanol + Acetate
Brodowski_2025,SRR28044234,B2,CSTR,80,2.0,,,56.0,0.0,1.0,194.0,1.0,0.0,0.0,234.0,0.0,2.0,0.0,,0.0,,3.0,6.5,30,4.0,,0.0,0.0,0.0,0.0,0.0,179.0,0.0,0.0,0.0,0.0,0.0,0.0,0.0,0.0,1218.0,58.0,33107.0,0.0,0.0,0.0,0.0,2704.0,0.0,791.0,176.0,0.0,0.0,0.0,0.0,0.0,0.0,0.0,41.0,0.0,27.0,0.0,0.0,0.0,0.0,0.0,0.0,0.0,49.0,0.0,0.0,19614.0,0.0,0.0,0.0,0.0,0.0,0.0,0.0,133.0,553.0,0.0,207.0,0.0,2460.0,0.0,0.0,0.0,0.0,0.0,14833,0.0,0.0,0.0,0.0,0.0,0.0,0.0,0.0,0.0,0.0,0.0,0.0,0.0,0.0,0.0,0.0,0.0,0.0,0.0,0.0,0.0,0.0,0.0,0.0,0.0,0.0,0.0,0.0,0.0,0.0,0.0,0.0,0.0,0.0,0.0,0.0,0.0,0.0,0.0,0.0,0.0,0.0,0.0,0.0,0.0,0.0,0.0,0.0,0.0,0.0,0.0,0.0,0.0,0.0,0.0,0.0,0.0,0.0,0.0,0.0,0.0,0.0,0.0,0.0,0.0,0.0,0.0,0.0,0.0,0.0,0.0,0.0,0.0,0.0,0.0,0.0,0.0,0.0,0.0,0.0,0.0,0.0,0.0,0.0,0.0,0.0,0.0,0.0,0.0,0.0,0.0,0.0,0.0,0.0,0.0,0.0,0.0,0.0,0.0,0.0,0.0,0.0,0.0,0.0,0.0,Defined Synthetic Media,Lactate + Ethanol + Acetate
Brodowski_2025,SRR28044233,B2,CSTR,114,7.0,,,124.0,179.0,2.0,122.0,1.0,21.0,0.0,29.0,0.0,0.0,63.0,,34.0,,15.0,7.0,30,4.0,,0.0,0.0,0.0,116.0,0.0,501.0,0.0,24705.0,0.0,0.0,0.0,0.0,0.0,0.0,2135.0,372.0,1305.0,0.0,0.0,0.0,0.0,920.0,0.0,545.0,431.0,0.0,0.0,0.0,0.0,0.0,0.0,0.0,28.0,0.0,0.0,0.0,0.0,0.0,0.0,119.0,0.0,0.0,243.0,0.0,0.0,1562.0,0.0,0.0,0.0,0.0,0.0,0.0,0.0,769.0,59.0,0.0,826.0,0.0,2077.0,0.0,0.0,0.0,0.0,0.0,393,0.0,0.0,0.0,0.0,0.0,0.0,0.0,0.0,0.0,0.0,0.0,0.0,0.0,0.0,0.0,0.0,0.0,0.0,0.0,0.0,0.0,0.0,0.0,0.0,0.0,0.0,0.0,0.0,0.0,0.0,0.0,0.0,0.0,0.0,0.0,0.0,0.0,0.0,0.0,0.0,0.0,0.0,0.0,0.0,0.0,0.0,0.0,0.0,0.0,0.0,0.0,0.0,0.0,0.0,0.0,0.0,0.0,0.0,0.0,0.0,0.0,0.0,0.0,0.0,0.0,0.0,0.0,0.0,0.0,0.0,0.0,0.0,0.0,0.0,0.0,0.0,0.0,0.0,0.0,0.0,0.0,0.0,0.0,0.0,0.0,0.0,0.0,0.0,0.0,0.0,0.0,0.0,0.0,0.0,0.0,0.0,0.0,0.0,0.0,0.0,0.0,0.0,0.0,0.0,0.0,Defined Synthetic Media,Lactate + Ethanol + Acetate
Brodowski_2025,SRR28044232,B2,CSTR,128,0.0,,,117.0,151.0,1.0,72.0,1.0,76.0,0.0,54.0,1.0,0.0,54.0,,23.0,,7.0,7.0,30,4.0,,0.0,0.0,0.0,0.0,0.0,362.0,0.0,24184.0,0.0,0.0,0.0,0.0,0.0,0.0,507.0,312.0,6847.0,0.0,0.0,0.0,0.0,188.0,0.0,1239.0,474.0,0.0,0.0,0.0,0.0,0.0,0.0,0.0,83.0,0.0,0.0,0.0,0.0,0.0,0.0,266.0,0.0,0.0,201.0,0.0,0.0,234.0,0.0,0.0,0.0,0.0,0.0,0.0,0.0,129.0,19.0,0.0,1170.0,0.0,375.0,0.0,0.0,0.0,0.0,0.0,300,0.0,0.0,0.0,0.0,0.0,0.0,0.0,0.0,0.0,0.0,0.0,0.0,0.0,0.0,0.0,0.0,0.0,0.0,0.0,0.0,0.0,0.0,0.0,0.0,0.0,0.0,0.0,0.0,0.0,0.0,0.0,0.0,0.0,0.0,0.0,0.0,0.0,0.0,0.0,0.0,0.0,0.0,0.0,0.0,0.0,0.0,0.0,0.0,0.0,0.0,0.0,0.0,0.0,0.0,0.0,0.0,0.0,0.0,0.0,0.0,0.0,0.0,0.0,0.0,0.0,0.0,0.0,0.0,0.0,0.0,0.0,0.0,0.0,0.0,0.0,0.0,0.0,0.0,0.0,0.0,0.0,0.0,0.0,0.0,0.0,0.0,0.0,0.0,0.0,0.0,0.0,0.0,0.0,0.0,0.0,0.0,0.0,0.0,0.0,0.0,0.0,0.0,0.0,0.0,0.0,Defined Synthetic Media,Lactate + Ethanol + Acetate
Brodowski_2025,SRR28044231,B2,CSTR,155,0.0,,,189.0,0.0,1.0,81.0,1.0,0.0,0.0,102.0,0.0,0.0,70.0,,0.0,,28.0,5.5,30,4.0,,0.0,0.0,0.0,93.0,0.0,0.0,0.0,0.0,0.0,0.0,0.0,0.0,0.0,0.0,87.0,86.0,47399.0,0.0,0.0,0.0,0.0,3549.0,0.0,0.0,0.0,0.0,0.0,0.0,0.0,0.0,0.0,0.0,0.0,0.0,0.0,0.0,0.0,0.0,0.0,0.0,0.0,0.0,29.0,0.0,0.0,14130.0,0.0,0.0,0.0,0.0,0.0,0.0,0.0,62.0,439.0,0.0,60.0,0.0,116.0,0.0,0.0,0.0,18.0,0.0,6066,0.0,0.0,0.0,0.0,0.0,0.0,0.0,0.0,0.0,0.0,0.0,0.0,0.0,0.0,0.0,0.0,0.0,0.0,0.0,0.0,0.0,0.0,0.0,0.0,0.0,0.0,0.0,0.0,0.0,0.0,0.0,0.0,0.0,0.0,0.0,0.0,0.0,0.0,0.0,0.0,0.0,0.0,0.0,0.0,0.0,0.0,0.0,0.0,0.0,0.0,0.0,0.0,0.0,0.0,0.0,0.0,0.0,0.0,0.0,0.0,0.0,0.0,0.0,0.0,0.0,0.0,0.0,0.0,0.0,0.0,0.0,0.0,0.0,0.0,0.0,0.0,0.0,0.0,0.0,0.0,0.0,0.0,0.0,0.0,0.0,0.0,0.0,0.0,0.0,0.0,0.0,0.0,0.0,0.0,0.0,0.0,0.0,0.0,0.0,0.0,0.0,0.0,0.0,0.0,0.0,Defined Synthetic Media,Lactate + Ethanol + Acetate
Duber_2024,SRR28047221,B1,CSTR,1,20.45,,0.2,16.72,0.0,0.0,3.59,0.0,0.0,0.0,9.81,0.0,0.0,0.0,0.0,0.0,0.0,0.76,5.5,30,5.0,,0.0,0.0,0.0,6.0,0.0,0.0,0.0,0.0,0.0,0.0,1934.0,0.0,0.0,0.0,82.0,126.0,20083.0,0.0,0.0,0.0,0.0,1893.0,0.0,0.0,0.0,0.0,0.0,0.0,0.0,0.0,0.0,0.0,0.0,0.0,0.0,0.0,0.0,0.0,0.0,0.0,0.0,0.0,76.0,0.0,0.0,779.0,0.0,0.0,0.0,16.0,0.0,0.0,0.0,0.0,63.0,0.0,0.0,0.0,8.0,0.0,0.0,0.0,0.0,0.0,1304,0.0,0.0,0.0,0.0,0.0,0.0,0.0,0.0,0.0,0.0,0.0,0.0,0.0,0.0,0.0,0.0,0.0,0.0,0.0,0.0,0.0,0.0,0.0,0.0,0.0,0.0,0.0,0.0,0.0,0.0,0.0,0.0,0.0,0.0,0.0,0.0,0.0,0.0,0.0,0.0,0.0,0.0,0.0,0.0,0.0,0.0,0.0,0.0,0.0,0.0,0.0,0.0,0.0,0.0,0.0,0.0,0.0,0.0,0.0,0.0,0.0,0.0,0.0,0.0,0.0,0.0,0.0,0.0,0.0,0.0,0.0,0.0,0.0,0.0,0.0,0.0,0.0,0.0,0.0,0.0,0.0,0.0,0.0,0.0,0.0,0.0,0.0,0.0,0.0,0.0,0.0,0.0,0.0,0.0,0.0,0.0,0.0,0.0,0.0,0.0,0.0,0.0,0.0,0.0,0.0,Complex Organic Waste,OFMSW
Duber_2024,SRR28047220,B1,CSTR,1,20.45,,0.2,16.72,0.0,0.0,3.59,0.0,0.0,0.0,9.81,0.0,0.0,0.0,0.0,0.0,0.0,0.76,5.5,30,5.0,,0.0,0.0,0.0,20.0,0.0,0.0,0.0,0.0,0.0,0.0,3619.0,0.0,0.0,0.0,81.0,180.0,28009.0,0.0,0.0,0.0,0.0,2736.0,0.0,0.0,4.0,0.0,0.0,0.0,0.0,0.0,0.0,0.0,0.0,0.0,0.0,28.0,0.0,0.0,0.0,0.0,0.0,0.0,78.0,0.0,0.0,1312.0,0.0,0.0,0.0,28.0,0.0,0.0,0.0,0.0,99.0,0.0,9.0,0.0,17.0,0.0,0.0,0.0,10.0,0.0,1599,0.0,0.0,0.0,0.0,0.0,0.0,0.0,0.0,0.0,0.0,0.0,0.0,0.0,0.0,0.0,0.0,0.0,0.0,0.0,0.0,0.0,0.0,0.0,0.0,0.0,0.0,0.0,0.0,0.0,0.0,0.0,0.0,0.0,0.0,0.0,0.0,0.0,0.0,0.0,0.0,0.0,0.0,0.0,0.0,0.0,0.0,0.0,0.0,0.0,0.0,0.0,0.0,0.0,0.0,0.0,0.0,0.0,0.0,0.0,0.0,0.0,0.0,0.0,0.0,0.0,0.0,0.0,0.0,0.0,0.0,0.0,0.0,0.0,0.0,0.0,0.0,0.0,0.0,0.0,0.0,0.0,0.0,0.0,0.0,0.0,0.0,0.0,0.0,0.0,0.0,0.0,0.0,0.0,0.0,0.0,0.0,0.0,0.0,0.0,0.0,0.0,0.0,0.0,0.0,0.0,Complex Organic Waste,OFMSW
Duber_2024,SRR28047209,B1,CSTR,1,20.45,,0.2,16.72,0.0,0.0,3.59,0.0,0.0,0.0,9.81,0.0,0.0,0.0,0.0,0.0,0.0,0.76,5.5,30,5.0,,0.0,0.0,0.0,17.0,0.0,0.0,0.0,0.0,0.0,0.0,2385.0,0.0,0.0,0.0,89.0,131.0,18790.0,0.0,0.0,0.0,0.0,2411.0,0.0,0.0,0.0,0.0,0.0,0.0,0.0,0.0,0.0,0.0,0.0,0.0,0.0,0.0,0.0,0.0,0.0,0.0,0.0,0.0,60.0,0.0,0.0,796.0,0.0,0.0,0.0,10.0,0.0,0.0,0.0,0.0,97.0,0.0,0.0,0.0,6.0,0.0,0.0,0.0,0.0,0.0,1258,0.0,0.0,0.0,0.0,0.0,0.0,0.0,0.0,0.0,0.0,0.0,0.0,0.0,0.0,0.0,0.0,0.0,0.0,0.0,0.0,0.0,0.0,0.0,0.0,0.0,0.0,0.0,0.0,0.0,0.0,0.0,0.0,0.0,0.0,0.0,0.0,0.0,0.0,0.0,0.0,0.0,0.0,0.0,0.0,0.0,0.0,0.0,0.0,0.0,0.0,0.0,0.0,0.0,0.0,0.0,0.0,0.0,0.0,0.0,0.0,0.0,0.0,0.0,0.0,0.0,0.0,0.0,0.0,0.0,0.0,0.0,0.0,0.0,0.0,0.0,0.0,0.0,0.0,0.0,0.0,0.0,0.0,0.0,0.0,0.0,0.0,0.0,0.0,0.0,0.0,0.0,0.0,0.0,0.0,0.0,0.0,0.0,0.0,0.0,0.0,0.0,0.0,0.0,0.0,0.0,Complex Organic Waste,OFMSW
Duber_2024,SRR28047198,B1,CSTR,37,107.6,,4.67,113.41,5.75,43.72,112.09,0.2899999999999999,6.36,0.62,116.94,0.59,0.0,0.0,0.0,1.45,0.0,3.51,5.5,30,5.0,,0.0,0.0,0.0,0.0,0.0,0.0,0.0,0.0,0.0,0.0,42.0,0.0,0.0,0.0,0.0,0.0,4328.0,0.0,378.0,0.0,161.0,465.0,22.0,0.0,0.0,0.0,0.0,0.0,0.0,0.0,0.0,207.0,0.0,0.0,0.0,3570.0,0.0,0.0,0.0,0.0,0.0,0.0,0.0,0.0,0.0,22.0,0.0,0.0,0.0,76.0,0.0,0.0,0.0,0.0,0.0,0.0,0.0,0.0,0.0,0.0,0.0,0.0,0.0,0.0,1140,0.0,0.0,0.0,0.0,0.0,0.0,0.0,0.0,0.0,0.0,0.0,0.0,0.0,0.0,0.0,0.0,0.0,0.0,0.0,0.0,0.0,0.0,0.0,0.0,0.0,0.0,0.0,0.0,0.0,0.0,0.0,0.0,0.0,0.0,0.0,0.0,0.0,0.0,0.0,0.0,0.0,0.0,0.0,0.0,0.0,0.0,0.0,0.0,0.0,0.0,0.0,0.0,0.0,0.0,0.0,0.0,0.0,0.0,0.0,0.0,0.0,0.0,0.0,0.0,0.0,0.0,0.0,0.0,0.0,0.0,0.0,0.0,0.0,0.0,0.0,0.0,0.0,0.0,0.0,0.0,0.0,0.0,0.0,0.0,0.0,0.0,0.0,0.0,0.0,0.0,0.0,0.0,0.0,0.0,0.0,0.0,0.0,0.0,0.0,0.0,0.0,0.0,0.0,0.0,0.0,Complex Organic Waste,OFMSW
Duber_2024,SRR28047187,B1,CSTR,37,107.6,,4.67,113.41,5.75,43.72,112.09,0.2899999999999999,6.36,0.62,116.94,0.59,0.0,0.0,0.0,1.45,0.0,3.51,5.5,30,5.0,,0.0,0.0,0.0,0.0,0.0,0.0,0.0,0.0,0.0,0.0,145.0,0.0,0.0,0.0,0.0,0.0,11091.0,0.0,676.0,0.0,307.0,1107.0,57.0,0.0,0.0,0.0,0.0,0.0,0.0,0.0,0.0,397.0,0.0,0.0,0.0,12576.0,0.0,0.0,0.0,0.0,0.0,0.0,0.0,0.0,0.0,41.0,0.0,0.0,0.0,231.0,0.0,0.0,0.0,0.0,0.0,0.0,0.0,0.0,0.0,0.0,0.0,0.0,0.0,0.0,2581,0.0,0.0,0.0,0.0,0.0,0.0,0.0,0.0,0.0,0.0,0.0,0.0,0.0,0.0,0.0,0.0,0.0,0.0,0.0,0.0,0.0,0.0,0.0,0.0,0.0,0.0,0.0,0.0,0.0,0.0,0.0,0.0,0.0,0.0,0.0,0.0,0.0,0.0,0.0,0.0,0.0,0.0,0.0,0.0,0.0,0.0,0.0,0.0,0.0,0.0,0.0,0.0,0.0,0.0,0.0,0.0,0.0,0.0,0.0,0.0,0.0,0.0,0.0,0.0,0.0,0.0,0.0,0.0,0.0,0.0,0.0,0.0,0.0,0.0,0.0,0.0,0.0,0.0,0.0,0.0,0.0,0.0,0.0,0.0,0.0,0.0,0.0,0.0,0.0,0.0,0.0,0.0,0.0,0.0,0.0,0.0,0.0,0.0,0.0,0.0,0.0,0.0,0.0,0.0,0.0,Complex Organic Waste,OFMSW
Duber_2024,SRR28047176,B1,CSTR,37,107.6,,4.67,113.41,5.75,43.72,112.09,0.2899999999999999,6.36,0.62,116.94,0.59,0.0,0.0,0.0,1.45,0.0,3.51,5.5,30,5.0,,0.0,0.0,0.0,0.0,0.0,0.0,0.0,0.0,0.0,0.0,76.0,0.0,0.0,0.0,0.0,0.0,8592.0,0.0,722.0,0.0,309.0,944.0,34.0,0.0,0.0,0.0,0.0,0.0,0.0,0.0,0.0,367.0,0.0,0.0,0.0,4886.0,0.0,0.0,0.0,0.0,0.0,0.0,0.0,0.0,0.0,46.0,0.0,0.0,0.0,203.0,0.0,0.0,0.0,0.0,0.0,0.0,0.0,0.0,0.0,0.0,0.0,0.0,0.0,0.0,2230,0.0,0.0,0.0,0.0,0.0,0.0,0.0,0.0,0.0,0.0,0.0,0.0,0.0,0.0,0.0,0.0,0.0,0.0,0.0,0.0,0.0,0.0,0.0,0.0,0.0,0.0,0.0,0.0,0.0,0.0,0.0,0.0,0.0,0.0,0.0,0.0,0.0,0.0,0.0,0.0,0.0,0.0,0.0,0.0,0.0,0.0,0.0,0.0,0.0,0.0,0.0,0.0,0.0,0.0,0.0,0.0,0.0,0.0,0.0,0.0,0.0,0.0,0.0,0.0,0.0,0.0,0.0,0.0,0.0,0.0,0.0,0.0,0.0,0.0,0.0,0.0,0.0,0.0,0.0,0.0,0.0,0.0,0.0,0.0,0.0,0.0,0.0,0.0,0.0,0.0,0.0,0.0,0.0,0.0,0.0,0.0,0.0,0.0,0.0,0.0,0.0,0.0,0.0,0.0,0.0,Complex Organic Waste,OFMSW
Duber_2024,SRR28047172,B1,CSTR,53,0.0,,4.4,116.66,38.62,54.7,210.8,2.16,14.82,1.54,98.12,0.85,,48.76,5.12,2.38,2.79,8.88,5.5,30,5.0,,0.0,0.0,0.0,0.0,0.0,0.0,0.0,0.0,0.0,0.0,281.0,0.0,0.0,0.0,0.0,0.0,13514.0,0.0,114.0,0.0,281.0,436.0,1172.0,0.0,0.0,0.0,0.0,0.0,0.0,0.0,0.0,450.0,0.0,0.0,0.0,7408.0,0.0,0.0,0.0,0.0,0.0,0.0,0.0,0.0,0.0,45.0,0.0,0.0,0.0,18.0,0.0,0.0,0.0,0.0,0.0,0.0,0.0,0.0,0.0,0.0,0.0,0.0,0.0,0.0,1369,0.0,0.0,0.0,0.0,0.0,0.0,0.0,0.0,0.0,0.0,0.0,0.0,0.0,0.0,0.0,0.0,0.0,0.0,0.0,0.0,0.0,0.0,0.0,0.0,0.0,0.0,0.0,0.0,0.0,0.0,0.0,0.0,0.0,0.0,0.0,0.0,0.0,0.0,0.0,0.0,0.0,0.0,0.0,0.0,0.0,0.0,0.0,0.0,0.0,0.0,0.0,0.0,0.0,0.0,0.0,0.0,0.0,0.0,0.0,0.0,0.0,0.0,0.0,0.0,0.0,0.0,0.0,0.0,0.0,0.0,0.0,0.0,0.0,0.0,0.0,0.0,0.0,0.0,0.0,0.0,0.0,0.0,0.0,0.0,0.0,0.0,0.0,0.0,0.0,0.0,0.0,0.0,0.0,0.0,0.0,0.0,0.0,0.0,0.0,0.0,0.0,0.0,0.0,0.0,0.0,Complex Organic Waste,OFMSW
Duber_2024,SRR28047171,B1,CSTR,53,0.0,,4.4,116.66,38.62,54.7,210.8,2.16,14.82,1.54,98.12,0.85,,48.76,5.12,2.38,2.79,8.88,5.5,30,5.0,,0.0,0.0,0.0,0.0,0.0,0.0,0.0,0.0,0.0,0.0,230.0,0.0,0.0,0.0,0.0,0.0,13900.0,0.0,104.0,0.0,207.0,386.0,923.0,0.0,0.0,0.0,0.0,0.0,0.0,0.0,0.0,454.0,0.0,0.0,0.0,8688.0,0.0,0.0,0.0,0.0,0.0,0.0,0.0,0.0,0.0,26.0,0.0,0.0,0.0,48.0,0.0,0.0,0.0,0.0,0.0,0.0,0.0,0.0,0.0,0.0,0.0,0.0,0.0,0.0,1816,0.0,0.0,0.0,0.0,0.0,0.0,0.0,0.0,0.0,0.0,0.0,0.0,0.0,0.0,0.0,0.0,0.0,0.0,0.0,0.0,0.0,0.0,0.0,0.0,0.0,0.0,0.0,0.0,0.0,0.0,0.0,0.0,0.0,0.0,0.0,0.0,0.0,0.0,0.0,0.0,0.0,0.0,0.0,0.0,0.0,0.0,0.0,0.0,0.0,0.0,0.0,0.0,0.0,0.0,0.0,0.0,0.0,0.0,0.0,0.0,0.0,0.0,0.0,0.0,0.0,0.0,0.0,0.0,0.0,0.0,0.0,0.0,0.0,0.0,0.0,0.0,0.0,0.0,0.0,0.0,0.0,0.0,0.0,0.0,0.0,0.0,0.0,0.0,0.0,0.0,0.0,0.0,0.0,0.0,0.0,0.0,0.0,0.0,0.0,0.0,0.0,0.0,0.0,0.0,0.0,Complex Organic Waste,OFMSW
Duber_2024,SRR28047170,B1,CSTR,53,0.0,,4.4,116.66,38.62,54.7,210.8,2.16,14.82,1.54,98.12,0.85,,48.76,5.12,2.38,2.79,8.88,5.5,30,5.0,,0.0,0.0,0.0,0.0,0.0,0.0,0.0,0.0,0.0,0.0,250.0,0.0,0.0,0.0,0.0,0.0,12041.0,0.0,105.0,0.0,229.0,366.0,1051.0,0.0,0.0,0.0,0.0,0.0,0.0,0.0,0.0,548.0,0.0,0.0,0.0,5707.0,0.0,0.0,0.0,0.0,0.0,0.0,0.0,0.0,0.0,27.0,0.0,0.0,0.0,34.0,0.0,0.0,0.0,0.0,0.0,0.0,0.0,0.0,0.0,0.0,0.0,0.0,0.0,0.0,1872,0.0,0.0,0.0,0.0,0.0,0.0,0.0,0.0,0.0,0.0,0.0,0.0,0.0,0.0,0.0,0.0,0.0,0.0,0.0,0.0,0.0,0.0,0.0,0.0,0.0,0.0,0.0,0.0,0.0,0.0,0.0,0.0,0.0,0.0,0.0,0.0,0.0,0.0,0.0,0.0,0.0,0.0,0.0,0.0,0.0,0.0,0.0,0.0,0.0,0.0,0.0,0.0,0.0,0.0,0.0,0.0,0.0,0.0,0.0,0.0,0.0,0.0,0.0,0.0,0.0,0.0,0.0,0.0,0.0,0.0,0.0,0.0,0.0,0.0,0.0,0.0,0.0,0.0,0.0,0.0,0.0,0.0,0.0,0.0,0.0,0.0,0.0,0.0,0.0,0.0,0.0,0.0,0.0,0.0,0.0,0.0,0.0,0.0,0.0,0.0,0.0,0.0,0.0,0.0,0.0,Complex Organic Waste,OFMSW
Duber_2024,SRR28047169,B1,CSTR,79,0.0,,167.57,182.81,200.58,5.08,47.62,2.64,11.55,1.65,4.29,0.0,0.0,49.14,,0.0,6.64,0.59,6.5,37,5.0,,0.0,0.0,0.0,5164.0,0.0,0.0,0.0,0.0,0.0,0.0,61.0,0.0,0.0,0.0,0.0,0.0,303.0,0.0,289.0,433.0,0.0,125.0,0.0,0.0,0.0,0.0,0.0,0.0,0.0,0.0,0.0,0.0,0.0,0.0,0.0,2035.0,0.0,0.0,0.0,0.0,0.0,0.0,0.0,0.0,0.0,0.0,0.0,0.0,0.0,0.0,0.0,0.0,0.0,0.0,0.0,0.0,0.0,0.0,0.0,0.0,0.0,0.0,0.0,0.0,37,0.0,0.0,0.0,0.0,0.0,0.0,0.0,0.0,0.0,0.0,0.0,0.0,0.0,0.0,0.0,0.0,0.0,0.0,0.0,0.0,0.0,0.0,0.0,0.0,0.0,0.0,0.0,0.0,0.0,0.0,0.0,0.0,0.0,0.0,0.0,0.0,0.0,0.0,0.0,0.0,0.0,0.0,0.0,0.0,0.0,0.0,0.0,0.0,0.0,0.0,0.0,0.0,0.0,0.0,0.0,0.0,0.0,0.0,0.0,0.0,0.0,0.0,0.0,0.0,0.0,0.0,0.0,0.0,0.0,0.0,0.0,0.0,0.0,0.0,0.0,0.0,0.0,0.0,0.0,0.0,0.0,0.0,0.0,0.0,0.0,0.0,0.0,0.0,0.0,0.0,0.0,0.0,0.0,0.0,0.0,0.0,0.0,0.0,0.0,0.0,0.0,0.0,0.0,0.0,0.0,Complex Organic Waste,OFMSW
Duber_2024,SRR28047219,B1,CSTR,79,0.0,,167.57,182.81,200.58,5.08,47.62,2.64,11.55,1.65,4.29,0.0,0.0,49.14,,0.0,6.64,0.59,6.5,37,5.0,,0.0,0.0,0.0,6116.0,0.0,0.0,0.0,0.0,0.0,0.0,68.0,0.0,0.0,0.0,0.0,0.0,401.0,0.0,322.0,445.0,18.0,112.0,0.0,0.0,0.0,0.0,0.0,0.0,0.0,0.0,0.0,0.0,0.0,0.0,0.0,2035.0,0.0,0.0,0.0,0.0,0.0,0.0,0.0,0.0,0.0,8.0,0.0,0.0,0.0,0.0,0.0,0.0,0.0,0.0,0.0,0.0,0.0,0.0,0.0,0.0,0.0,0.0,0.0,0.0,70,0.0,0.0,0.0,0.0,0.0,0.0,0.0,0.0,0.0,0.0,0.0,0.0,0.0,0.0,0.0,0.0,0.0,0.0,0.0,0.0,0.0,0.0,0.0,0.0,0.0,0.0,0.0,0.0,0.0,0.0,0.0,0.0,0.0,0.0,0.0,0.0,0.0,0.0,0.0,0.0,0.0,0.0,0.0,0.0,0.0,0.0,0.0,0.0,0.0,0.0,0.0,0.0,0.0,0.0,0.0,0.0,0.0,0.0,0.0,0.0,0.0,0.0,0.0,0.0,0.0,0.0,0.0,0.0,0.0,0.0,0.0,0.0,0.0,0.0,0.0,0.0,0.0,0.0,0.0,0.0,0.0,0.0,0.0,0.0,0.0,0.0,0.0,0.0,0.0,0.0,0.0,0.0,0.0,0.0,0.0,0.0,0.0,0.0,0.0,0.0,0.0,0.0,0.0,0.0,0.0,Complex Organic Waste,OFMSW
Duber_2024,SRR28047218,B1,CSTR,79,0.0,,167.57,182.81,200.58,5.08,47.62,2.64,11.55,1.65,4.29,0.0,0.0,49.14,,0.0,6.64,0.59,6.5,37,5.0,,0.0,0.0,0.0,2733.0,0.0,0.0,0.0,0.0,0.0,0.0,86.0,0.0,0.0,0.0,0.0,0.0,315.0,0.0,370.0,554.0,0.0,58.0,0.0,0.0,0.0,0.0,0.0,0.0,0.0,0.0,0.0,0.0,0.0,0.0,0.0,1265.0,0.0,0.0,0.0,0.0,0.0,0.0,0.0,0.0,0.0,0.0,0.0,0.0,0.0,0.0,0.0,0.0,0.0,0.0,0.0,0.0,0.0,0.0,0.0,0.0,0.0,0.0,0.0,0.0,76,0.0,0.0,0.0,0.0,0.0,0.0,0.0,0.0,0.0,0.0,0.0,0.0,0.0,0.0,0.0,0.0,0.0,0.0,0.0,0.0,0.0,0.0,0.0,0.0,0.0,0.0,0.0,0.0,0.0,0.0,0.0,0.0,0.0,0.0,0.0,0.0,0.0,0.0,0.0,0.0,0.0,0.0,0.0,0.0,0.0,0.0,0.0,0.0,0.0,0.0,0.0,0.0,0.0,0.0,0.0,0.0,0.0,0.0,0.0,0.0,0.0,0.0,0.0,0.0,0.0,0.0,0.0,0.0,0.0,0.0,0.0,0.0,0.0,0.0,0.0,0.0,0.0,0.0,0.0,0.0,0.0,0.0,0.0,0.0,0.0,0.0,0.0,0.0,0.0,0.0,0.0,0.0,0.0,0.0,0.0,0.0,0.0,0.0,0.0,0.0,0.0,0.0,0.0,0.0,0.0,Complex Organic Waste,OFMSW
Duber_2024,SRR28047217,B1,CSTR,105,0.0,,53.38,70.74,3.36,0.68,113.36,0.0,0.0,0.0,0.0,0.0,0.0,255.0,,0.0,5.34,4.7,6.5,50,5.0,,0.0,0.0,0.0,0.0,0.0,0.0,0.0,0.0,0.0,0.0,121.0,0.0,0.0,0.0,0.0,0.0,0.0,0.0,0.0,0.0,0.0,0.0,0.0,0.0,0.0,0.0,0.0,0.0,0.0,0.0,0.0,0.0,0.0,0.0,0.0,179.0,0.0,0.0,0.0,0.0,0.0,0.0,0.0,0.0,0.0,0.0,0.0,0.0,0.0,93.0,0.0,0.0,0.0,0.0,0.0,0.0,0.0,0.0,0.0,0.0,0.0,0.0,0.0,0.0,24,0.0,0.0,0.0,0.0,0.0,0.0,0.0,0.0,0.0,0.0,0.0,0.0,0.0,0.0,0.0,0.0,0.0,0.0,0.0,0.0,0.0,0.0,0.0,0.0,0.0,0.0,0.0,0.0,0.0,0.0,0.0,0.0,0.0,0.0,0.0,0.0,0.0,0.0,0.0,0.0,0.0,0.0,0.0,0.0,0.0,0.0,0.0,0.0,0.0,0.0,0.0,0.0,0.0,0.0,0.0,0.0,0.0,0.0,0.0,0.0,0.0,0.0,0.0,0.0,0.0,0.0,0.0,0.0,0.0,0.0,0.0,0.0,0.0,0.0,0.0,0.0,0.0,0.0,0.0,0.0,0.0,0.0,0.0,0.0,0.0,0.0,0.0,0.0,0.0,0.0,0.0,0.0,0.0,0.0,0.0,0.0,0.0,0.0,0.0,0.0,0.0,0.0,0.0,0.0,0.0,Complex Organic Waste,OFMSW
Duber_2024,SRR28047216,B1,CSTR,105,0.0,,53.38,70.74,3.36,0.68,113.36,0.0,0.0,0.0,0.0,0.0,0.0,255.0,,0.0,5.34,4.7,6.5,50,5.0,,0.0,0.0,0.0,106.0,0.0,0.0,0.0,0.0,0.0,0.0,92.0,0.0,0.0,0.0,0.0,0.0,0.0,0.0,0.0,0.0,0.0,0.0,0.0,0.0,0.0,0.0,0.0,0.0,0.0,0.0,0.0,0.0,0.0,0.0,0.0,375.0,0.0,0.0,0.0,0.0,0.0,0.0,0.0,0.0,0.0,0.0,0.0,0.0,0.0,82.0,0.0,0.0,0.0,0.0,0.0,0.0,0.0,0.0,0.0,0.0,0.0,0.0,0.0,0.0,0,0.0,0.0,0.0,0.0,0.0,0.0,0.0,0.0,0.0,0.0,0.0,0.0,0.0,0.0,0.0,0.0,0.0,0.0,0.0,0.0,0.0,0.0,0.0,0.0,0.0,0.0,0.0,0.0,0.0,0.0,0.0,0.0,0.0,0.0,0.0,0.0,0.0,0.0,0.0,0.0,0.0,0.0,0.0,0.0,0.0,0.0,0.0,0.0,0.0,0.0,0.0,0.0,0.0,0.0,0.0,0.0,0.0,0.0,0.0,0.0,0.0,0.0,0.0,0.0,0.0,0.0,0.0,0.0,0.0,0.0,0.0,0.0,0.0,0.0,0.0,0.0,0.0,0.0,0.0,0.0,0.0,0.0,0.0,0.0,0.0,0.0,0.0,0.0,0.0,0.0,0.0,0.0,0.0,0.0,0.0,0.0,0.0,0.0,0.0,0.0,0.0,0.0,0.0,0.0,0.0,Complex Organic Waste,OFMSW
Duber_2024,SRR28047215,B1,CSTR,105,0.0,,53.38,70.74,3.36,0.68,113.36,0.0,0.0,0.0,0.0,0.0,0.0,255.0,,0.0,5.34,4.7,6.5,50,5.0,,0.0,0.0,0.0,0.0,0.0,0.0,0.0,0.0,0.0,0.0,116.0,0.0,0.0,0.0,0.0,0.0,0.0,0.0,0.0,0.0,0.0,0.0,0.0,0.0,0.0,0.0,0.0,0.0,0.0,0.0,0.0,0.0,0.0,0.0,0.0,116.0,0.0,0.0,0.0,0.0,0.0,0.0,0.0,0.0,0.0,0.0,0.0,0.0,0.0,46.0,0.0,0.0,0.0,0.0,0.0,0.0,0.0,0.0,0.0,0.0,0.0,0.0,0.0,0.0,0,0.0,0.0,0.0,0.0,0.0,0.0,0.0,0.0,0.0,0.0,0.0,0.0,0.0,0.0,0.0,0.0,0.0,0.0,0.0,0.0,0.0,0.0,0.0,0.0,0.0,0.0,0.0,0.0,0.0,0.0,0.0,0.0,0.0,0.0,0.0,0.0,0.0,0.0,0.0,0.0,0.0,0.0,0.0,0.0,0.0,0.0,0.0,0.0,0.0,0.0,0.0,0.0,0.0,0.0,0.0,0.0,0.0,0.0,0.0,0.0,0.0,0.0,0.0,0.0,0.0,0.0,0.0,0.0,0.0,0.0,0.0,0.0,0.0,0.0,0.0,0.0,0.0,0.0,0.0,0.0,0.0,0.0,0.0,0.0,0.0,0.0,0.0,0.0,0.0,0.0,0.0,0.0,0.0,0.0,0.0,0.0,0.0,0.0,0.0,0.0,0.0,0.0,0.0,0.0,0.0,Complex Organic Waste,OFMSW
Duber_2024,SRR28047214,B1,CSTR,123,0.0,,0.61,110.91,14.98,60.56,151.49,0.54,18.31,0.0,45.25,0.59,0.0,130.84,,4.29,0.0,13.92,5.5,37,5.0,,0.0,0.0,0.0,70.0,0.0,0.0,0.0,0.0,0.0,0.0,1092.0,0.0,0.0,0.0,0.0,0.0,8343.0,0.0,68.0,0.0,0.0,3280.0,740.0,0.0,0.0,0.0,0.0,0.0,0.0,0.0,0.0,209.0,0.0,0.0,0.0,101.0,0.0,0.0,0.0,0.0,0.0,0.0,0.0,0.0,0.0,277.0,0.0,0.0,0.0,0.0,0.0,0.0,0.0,0.0,0.0,0.0,0.0,0.0,0.0,0.0,121.0,0.0,0.0,0.0,9569,0.0,0.0,0.0,0.0,0.0,0.0,0.0,0.0,0.0,0.0,0.0,0.0,0.0,0.0,0.0,0.0,0.0,0.0,0.0,0.0,0.0,0.0,0.0,0.0,0.0,0.0,0.0,0.0,0.0,0.0,0.0,0.0,0.0,0.0,0.0,0.0,0.0,0.0,0.0,0.0,0.0,0.0,0.0,0.0,0.0,0.0,0.0,0.0,0.0,0.0,0.0,0.0,0.0,0.0,0.0,0.0,0.0,0.0,0.0,0.0,0.0,0.0,0.0,0.0,0.0,0.0,0.0,0.0,0.0,0.0,0.0,0.0,0.0,0.0,0.0,0.0,0.0,0.0,0.0,0.0,0.0,0.0,0.0,0.0,0.0,0.0,0.0,0.0,0.0,0.0,0.0,0.0,0.0,0.0,0.0,0.0,0.0,0.0,0.0,0.0,0.0,0.0,0.0,0.0,0.0,Complex Organic Waste,OFMSW
Duber_2024,SRR28047213,B1,CSTR,123,0.0,,0.61,110.91,14.98,60.56,151.49,0.54,18.31,0.0,45.25,0.59,0.0,130.84,,4.29,0.0,13.92,5.5,37,5.0,,0.0,0.0,0.0,265.0,0.0,0.0,0.0,0.0,0.0,0.0,1426.0,0.0,0.0,0.0,0.0,0.0,9510.0,0.0,59.0,0.0,0.0,5056.0,1103.0,0.0,0.0,0.0,0.0,0.0,0.0,0.0,0.0,91.0,0.0,0.0,0.0,155.0,0.0,0.0,0.0,0.0,0.0,0.0,0.0,0.0,0.0,309.0,0.0,0.0,0.0,0.0,0.0,0.0,0.0,0.0,0.0,0.0,0.0,0.0,0.0,0.0,154.0,0.0,0.0,0.0,13545,0.0,0.0,0.0,0.0,0.0,0.0,0.0,0.0,0.0,0.0,0.0,0.0,0.0,0.0,0.0,0.0,0.0,0.0,0.0,0.0,0.0,0.0,0.0,0.0,0.0,0.0,0.0,0.0,0.0,0.0,0.0,0.0,0.0,0.0,0.0,0.0,0.0,0.0,0.0,0.0,0.0,0.0,0.0,0.0,0.0,0.0,0.0,0.0,0.0,0.0,0.0,0.0,0.0,0.0,0.0,0.0,0.0,0.0,0.0,0.0,0.0,0.0,0.0,0.0,0.0,0.0,0.0,0.0,0.0,0.0,0.0,0.0,0.0,0.0,0.0,0.0,0.0,0.0,0.0,0.0,0.0,0.0,0.0,0.0,0.0,0.0,0.0,0.0,0.0,0.0,0.0,0.0,0.0,0.0,0.0,0.0,0.0,0.0,0.0,0.0,0.0,0.0,0.0,0.0,0.0,Complex Organic Waste,OFMSW
Duber_2024,SRR28047212,B1,CSTR,123,0.0,,0.61,110.91,14.98,60.56,151.49,0.54,18.31,0.0,45.25,0.59,0.0,130.84,,4.29,0.0,13.92,5.5,37,5.0,,0.0,0.0,0.0,263.0,0.0,0.0,0.0,0.0,0.0,0.0,1095.0,0.0,0.0,0.0,0.0,0.0,7337.0,0.0,50.0,40.0,0.0,3584.0,773.0,0.0,0.0,0.0,0.0,0.0,0.0,0.0,0.0,172.0,0.0,0.0,0.0,138.0,0.0,0.0,0.0,0.0,0.0,0.0,0.0,0.0,0.0,340.0,0.0,0.0,0.0,0.0,0.0,0.0,0.0,0.0,0.0,0.0,0.0,0.0,0.0,0.0,178.0,0.0,0.0,0.0,11362,0.0,0.0,0.0,0.0,0.0,0.0,0.0,0.0,0.0,0.0,0.0,0.0,0.0,0.0,0.0,0.0,0.0,0.0,0.0,0.0,0.0,0.0,0.0,0.0,0.0,0.0,0.0,0.0,0.0,0.0,0.0,0.0,0.0,0.0,0.0,0.0,0.0,0.0,0.0,0.0,0.0,0.0,0.0,0.0,0.0,0.0,0.0,0.0,0.0,0.0,0.0,0.0,0.0,0.0,0.0,0.0,0.0,0.0,0.0,0.0,0.0,0.0,0.0,0.0,0.0,0.0,0.0,0.0,0.0,0.0,0.0,0.0,0.0,0.0,0.0,0.0,0.0,0.0,0.0,0.0,0.0,0.0,0.0,0.0,0.0,0.0,0.0,0.0,0.0,0.0,0.0,0.0,0.0,0.0,0.0,0.0,0.0,0.0,0.0,0.0,0.0,0.0,0.0,0.0,0.0,Complex Organic Waste,OFMSW
Duber_2024,SRR28047211,B1,CSTR,151,0.2,,1.73,109.11,46.73,9.26,151.17,1.52,71.18,0.62,170.3,6.67,2.16,15.89,,0.0,0.0,1.19,6.5,30,5.0,,0.0,0.0,0.0,4332.0,0.0,77.0,0.0,0.0,0.0,0.0,1211.0,0.0,0.0,0.0,0.0,0.0,3347.0,0.0,394.0,399.0,0.0,1166.0,52.0,0.0,0.0,0.0,0.0,0.0,0.0,153.0,0.0,0.0,0.0,0.0,0.0,589.0,0.0,0.0,0.0,0.0,0.0,0.0,0.0,0.0,0.0,165.0,0.0,0.0,0.0,0.0,0.0,0.0,0.0,0.0,0.0,0.0,0.0,0.0,0.0,0.0,30.0,0.0,0.0,0.0,124,0.0,0.0,0.0,0.0,0.0,0.0,0.0,0.0,0.0,0.0,0.0,0.0,0.0,0.0,0.0,0.0,0.0,0.0,0.0,0.0,0.0,0.0,0.0,0.0,0.0,0.0,0.0,0.0,0.0,0.0,0.0,0.0,0.0,0.0,0.0,0.0,0.0,0.0,0.0,0.0,0.0,0.0,0.0,0.0,0.0,0.0,0.0,0.0,0.0,0.0,0.0,0.0,0.0,0.0,0.0,0.0,0.0,0.0,0.0,0.0,0.0,0.0,0.0,0.0,0.0,0.0,0.0,0.0,0.0,0.0,0.0,0.0,0.0,0.0,0.0,0.0,0.0,0.0,0.0,0.0,0.0,0.0,0.0,0.0,0.0,0.0,0.0,0.0,0.0,0.0,0.0,0.0,0.0,0.0,0.0,0.0,0.0,0.0,0.0,0.0,0.0,0.0,0.0,0.0,0.0,Complex Organic Waste,OFMSW
Duber_2024,SRR28047210,B1,CSTR,151,0.2,,1.73,109.11,46.73,9.26,151.17,1.52,71.18,0.62,170.3,6.67,2.16,15.89,,0.0,0.0,1.19,6.5,30,5.0,,0.0,0.0,0.0,3184.0,0.0,113.0,0.0,0.0,0.0,0.0,1348.0,0.0,0.0,0.0,0.0,0.0,3580.0,0.0,598.0,508.0,0.0,1325.0,80.0,0.0,0.0,0.0,0.0,0.0,0.0,100.0,0.0,0.0,0.0,0.0,0.0,660.0,0.0,0.0,0.0,0.0,0.0,0.0,0.0,0.0,0.0,191.0,0.0,0.0,0.0,0.0,0.0,0.0,0.0,0.0,0.0,0.0,0.0,0.0,0.0,0.0,19.0,0.0,0.0,0.0,147,0.0,0.0,0.0,0.0,0.0,0.0,0.0,0.0,0.0,0.0,0.0,0.0,0.0,0.0,0.0,0.0,0.0,0.0,0.0,0.0,0.0,0.0,0.0,0.0,0.0,0.0,0.0,0.0,0.0,0.0,0.0,0.0,0.0,0.0,0.0,0.0,0.0,0.0,0.0,0.0,0.0,0.0,0.0,0.0,0.0,0.0,0.0,0.0,0.0,0.0,0.0,0.0,0.0,0.0,0.0,0.0,0.0,0.0,0.0,0.0,0.0,0.0,0.0,0.0,0.0,0.0,0.0,0.0,0.0,0.0,0.0,0.0,0.0,0.0,0.0,0.0,0.0,0.0,0.0,0.0,0.0,0.0,0.0,0.0,0.0,0.0,0.0,0.0,0.0,0.0,0.0,0.0,0.0,0.0,0.0,0.0,0.0,0.0,0.0,0.0,0.0,0.0,0.0,0.0,0.0,Complex Organic Waste,OFMSW
Duber_2024,SRR28047208,B1,CSTR,151,0.2,,1.73,109.11,46.73,9.26,151.17,1.52,71.18,0.62,170.3,6.67,2.16,15.89,,0.0,0.0,1.19,6.5,30,5.0,,0.0,0.0,0.0,4856.0,0.0,142.0,0.0,0.0,0.0,0.0,976.0,0.0,0.0,0.0,0.0,0.0,4512.0,0.0,737.0,499.0,0.0,1643.0,106.0,0.0,0.0,0.0,0.0,0.0,0.0,0.0,0.0,0.0,0.0,38.0,44.0,987.0,0.0,0.0,0.0,0.0,0.0,0.0,0.0,0.0,0.0,285.0,0.0,0.0,0.0,0.0,0.0,0.0,0.0,0.0,0.0,0.0,0.0,0.0,0.0,0.0,46.0,0.0,0.0,0.0,182,0.0,0.0,0.0,0.0,0.0,0.0,0.0,0.0,0.0,0.0,0.0,0.0,0.0,0.0,0.0,0.0,0.0,0.0,0.0,0.0,0.0,0.0,0.0,0.0,0.0,0.0,0.0,0.0,0.0,0.0,0.0,0.0,0.0,0.0,0.0,0.0,0.0,0.0,0.0,0.0,0.0,0.0,0.0,0.0,0.0,0.0,0.0,0.0,0.0,0.0,0.0,0.0,0.0,0.0,0.0,0.0,0.0,0.0,0.0,0.0,0.0,0.0,0.0,0.0,0.0,0.0,0.0,0.0,0.0,0.0,0.0,0.0,0.0,0.0,0.0,0.0,0.0,0.0,0.0,0.0,0.0,0.0,0.0,0.0,0.0,0.0,0.0,0.0,0.0,0.0,0.0,0.0,0.0,0.0,0.0,0.0,0.0,0.0,0.0,0.0,0.0,0.0,0.0,0.0,0.0,Complex Organic Waste,OFMSW
Duber_2024,SRR28047207,B1,CSTR,162,0.0,,0.3,100.02,46.41,12.58,129.57,0.98,84.16,0.77,209.92,10.38,3.0,7.68,,1.25,0.27,1.73,6.5,37,5.0,,0.0,0.0,0.0,5138.0,0.0,0.0,0.0,0.0,0.0,0.0,1289.0,0.0,0.0,0.0,0.0,0.0,7639.0,0.0,62.0,169.0,0.0,674.0,64.0,0.0,17.0,0.0,0.0,0.0,0.0,0.0,0.0,0.0,0.0,0.0,0.0,3214.0,0.0,0.0,0.0,0.0,0.0,0.0,0.0,0.0,0.0,0.0,0.0,0.0,0.0,114.0,0.0,0.0,0.0,0.0,0.0,0.0,0.0,0.0,0.0,0.0,147.0,0.0,0.0,0.0,182,0.0,0.0,0.0,0.0,0.0,0.0,0.0,0.0,0.0,0.0,0.0,0.0,0.0,0.0,0.0,0.0,0.0,0.0,0.0,0.0,0.0,0.0,0.0,0.0,0.0,0.0,0.0,0.0,0.0,0.0,0.0,0.0,0.0,0.0,0.0,0.0,0.0,0.0,0.0,0.0,0.0,0.0,0.0,0.0,0.0,0.0,0.0,0.0,0.0,0.0,0.0,0.0,0.0,0.0,0.0,0.0,0.0,0.0,0.0,0.0,0.0,0.0,0.0,0.0,0.0,0.0,0.0,0.0,0.0,0.0,0.0,0.0,0.0,0.0,0.0,0.0,0.0,0.0,0.0,0.0,0.0,0.0,0.0,0.0,0.0,0.0,0.0,0.0,0.0,0.0,0.0,0.0,0.0,0.0,0.0,0.0,0.0,0.0,0.0,0.0,0.0,0.0,0.0,0.0,0.0,Complex Organic Waste,OFMSW
Duber_2024,SRR28047206,B1,CSTR,162,0.0,,0.3,100.02,46.41,12.58,129.57,0.98,84.16,0.77,209.92,10.38,3.0,7.68,,1.25,0.27,1.73,6.5,37,5.0,,0.0,0.0,0.0,2288.0,0.0,0.0,0.0,0.0,0.0,0.0,2121.0,0.0,0.0,0.0,0.0,0.0,7122.0,0.0,83.0,319.0,0.0,1081.0,71.0,0.0,0.0,0.0,0.0,0.0,0.0,75.0,0.0,0.0,0.0,0.0,0.0,2471.0,0.0,0.0,0.0,0.0,0.0,0.0,0.0,0.0,0.0,11.0,0.0,0.0,0.0,24.0,0.0,0.0,0.0,0.0,0.0,0.0,0.0,0.0,0.0,0.0,146.0,0.0,0.0,0.0,279,0.0,0.0,0.0,0.0,0.0,0.0,0.0,0.0,0.0,0.0,0.0,0.0,0.0,0.0,0.0,0.0,0.0,0.0,0.0,0.0,0.0,0.0,0.0,0.0,0.0,0.0,0.0,0.0,0.0,0.0,0.0,0.0,0.0,0.0,0.0,0.0,0.0,0.0,0.0,0.0,0.0,0.0,0.0,0.0,0.0,0.0,0.0,0.0,0.0,0.0,0.0,0.0,0.0,0.0,0.0,0.0,0.0,0.0,0.0,0.0,0.0,0.0,0.0,0.0,0.0,0.0,0.0,0.0,0.0,0.0,0.0,0.0,0.0,0.0,0.0,0.0,0.0,0.0,0.0,0.0,0.0,0.0,0.0,0.0,0.0,0.0,0.0,0.0,0.0,0.0,0.0,0.0,0.0,0.0,0.0,0.0,0.0,0.0,0.0,0.0,0.0,0.0,0.0,0.0,0.0,Complex Organic Waste,OFMSW
Duber_2024,SRR28047205,B1,CSTR,162,0.0,,0.3,100.02,46.41,12.58,129.57,0.98,84.16,0.77,209.92,10.38,3.0,7.68,,1.25,0.27,1.73,6.5,37,5.0,,0.0,0.0,0.0,1861.0,0.0,0.0,0.0,0.0,0.0,0.0,2362.0,0.0,0.0,0.0,0.0,0.0,8077.0,0.0,176.0,447.0,0.0,1611.0,84.0,0.0,0.0,0.0,0.0,0.0,0.0,57.0,0.0,0.0,0.0,0.0,0.0,2306.0,0.0,0.0,0.0,0.0,0.0,0.0,0.0,0.0,0.0,33.0,0.0,0.0,0.0,54.0,0.0,0.0,0.0,0.0,0.0,0.0,0.0,0.0,0.0,0.0,198.0,0.0,0.0,0.0,422,0.0,0.0,0.0,0.0,0.0,0.0,0.0,0.0,0.0,0.0,0.0,0.0,0.0,0.0,0.0,0.0,0.0,0.0,0.0,0.0,0.0,0.0,0.0,0.0,0.0,0.0,0.0,0.0,0.0,0.0,0.0,0.0,0.0,0.0,0.0,0.0,0.0,0.0,0.0,0.0,0.0,0.0,0.0,0.0,0.0,0.0,0.0,0.0,0.0,0.0,0.0,0.0,0.0,0.0,0.0,0.0,0.0,0.0,0.0,0.0,0.0,0.0,0.0,0.0,0.0,0.0,0.0,0.0,0.0,0.0,0.0,0.0,0.0,0.0,0.0,0.0,0.0,0.0,0.0,0.0,0.0,0.0,0.0,0.0,0.0,0.0,0.0,0.0,0.0,0.0,0.0,0.0,0.0,0.0,0.0,0.0,0.0,0.0,0.0,0.0,0.0,0.0,0.0,0.0,0.0,Complex Organic Waste,OFMSW
Duber_2024,SRR28047204,B1,CSTR,168,0.0,,1.35,77.87,13.89,12.21,120.89,1.76,105.6,0.98,304.03,8.71,1.39,159.15,,6.39,0.27,3.02,6.5,37,5.0,,0.0,0.0,0.0,7330.0,0.0,0.0,0.0,0.0,0.0,0.0,1381.0,0.0,0.0,0.0,0.0,0.0,3834.0,0.0,0.0,175.0,0.0,1503.0,36.0,0.0,45.0,0.0,0.0,0.0,0.0,125.0,0.0,0.0,0.0,0.0,0.0,3572.0,0.0,0.0,0.0,0.0,0.0,0.0,0.0,0.0,0.0,0.0,0.0,0.0,0.0,350.0,0.0,0.0,0.0,0.0,0.0,0.0,0.0,0.0,0.0,0.0,240.0,0.0,0.0,0.0,556,0.0,0.0,0.0,0.0,0.0,0.0,0.0,0.0,0.0,0.0,0.0,0.0,0.0,0.0,0.0,0.0,0.0,0.0,0.0,0.0,0.0,0.0,0.0,0.0,0.0,0.0,0.0,0.0,0.0,0.0,0.0,0.0,0.0,0.0,0.0,0.0,0.0,0.0,0.0,0.0,0.0,0.0,0.0,0.0,0.0,0.0,0.0,0.0,0.0,0.0,0.0,0.0,0.0,0.0,0.0,0.0,0.0,0.0,0.0,0.0,0.0,0.0,0.0,0.0,0.0,0.0,0.0,0.0,0.0,0.0,0.0,0.0,0.0,0.0,0.0,0.0,0.0,0.0,0.0,0.0,0.0,0.0,0.0,0.0,0.0,0.0,0.0,0.0,0.0,0.0,0.0,0.0,0.0,0.0,0.0,0.0,0.0,0.0,0.0,0.0,0.0,0.0,0.0,0.0,0.0,Complex Organic Waste,OFMSW
Duber_2024,SRR28047203,B1,CSTR,168,0.0,,1.35,77.87,13.89,12.21,120.89,1.76,105.6,0.98,304.03,8.71,1.39,159.15,,6.39,0.27,3.02,6.5,37,5.0,,0.0,0.0,0.0,4646.0,0.0,0.0,0.0,0.0,0.0,0.0,1090.0,0.0,0.0,0.0,0.0,0.0,3286.0,0.0,0.0,367.0,0.0,2759.0,0.0,0.0,47.0,0.0,0.0,0.0,0.0,103.0,0.0,0.0,0.0,0.0,0.0,2822.0,0.0,0.0,0.0,0.0,0.0,0.0,0.0,0.0,0.0,24.0,0.0,0.0,0.0,136.0,0.0,0.0,0.0,0.0,0.0,0.0,0.0,0.0,0.0,0.0,345.0,0.0,0.0,0.0,354,0.0,0.0,0.0,0.0,0.0,0.0,0.0,0.0,0.0,0.0,0.0,0.0,0.0,0.0,0.0,0.0,0.0,0.0,0.0,0.0,0.0,0.0,0.0,0.0,0.0,0.0,0.0,0.0,0.0,0.0,0.0,0.0,0.0,0.0,0.0,0.0,0.0,0.0,0.0,0.0,0.0,0.0,0.0,0.0,0.0,0.0,0.0,0.0,0.0,0.0,0.0,0.0,0.0,0.0,0.0,0.0,0.0,0.0,0.0,0.0,0.0,0.0,0.0,0.0,0.0,0.0,0.0,0.0,0.0,0.0,0.0,0.0,0.0,0.0,0.0,0.0,0.0,0.0,0.0,0.0,0.0,0.0,0.0,0.0,0.0,0.0,0.0,0.0,0.0,0.0,0.0,0.0,0.0,0.0,0.0,0.0,0.0,0.0,0.0,0.0,0.0,0.0,0.0,0.0,0.0,Complex Organic Waste,OFMSW
Duber_2024,SRR28047202,B1,CSTR,168,0.0,,1.35,77.87,13.89,12.21,120.89,1.76,105.6,0.98,304.03,8.71,1.39,159.15,,6.39,0.27,3.02,6.5,37,5.0,,0.0,0.0,0.0,11026.0,0.0,0.0,0.0,0.0,0.0,0.0,1772.0,0.0,0.0,0.0,0.0,0.0,4011.0,0.0,0.0,395.0,0.0,2355.0,46.0,0.0,51.0,0.0,0.0,0.0,0.0,95.0,0.0,0.0,0.0,0.0,0.0,3053.0,0.0,0.0,0.0,0.0,0.0,0.0,0.0,0.0,0.0,19.0,0.0,0.0,0.0,242.0,0.0,0.0,0.0,0.0,0.0,0.0,0.0,0.0,0.0,0.0,273.0,0.0,0.0,0.0,600,0.0,0.0,0.0,0.0,0.0,0.0,0.0,0.0,0.0,0.0,0.0,0.0,0.0,0.0,0.0,0.0,0.0,0.0,0.0,0.0,0.0,0.0,0.0,0.0,0.0,0.0,0.0,0.0,0.0,0.0,0.0,0.0,0.0,0.0,0.0,0.0,0.0,0.0,0.0,0.0,0.0,0.0,0.0,0.0,0.0,0.0,0.0,0.0,0.0,0.0,0.0,0.0,0.0,0.0,0.0,0.0,0.0,0.0,0.0,0.0,0.0,0.0,0.0,0.0,0.0,0.0,0.0,0.0,0.0,0.0,0.0,0.0,0.0,0.0,0.0,0.0,0.0,0.0,0.0,0.0,0.0,0.0,0.0,0.0,0.0,0.0,0.0,0.0,0.0,0.0,0.0,0.0,0.0,0.0,0.0,0.0,0.0,0.0,0.0,0.0,0.0,0.0,0.0,0.0,0.0,Complex Organic Waste,OFMSW
Duber_2024,SRR28047201,B1,CSTR,172,140.91,,3.49,87.93,13.36,14.62,127.61,2.25,109.62,1.03,314.82,8.6,0.0,147.73,,6.59,0.27,3.13,6.5,37,5.0,,0.0,0.0,0.0,6406.0,0.0,0.0,0.0,0.0,0.0,0.0,527.0,0.0,0.0,0.0,0.0,0.0,350.0,0.0,672.0,330.0,0.0,461.0,0.0,0.0,32.0,0.0,0.0,0.0,0.0,69.0,0.0,0.0,0.0,0.0,0.0,3540.0,0.0,0.0,0.0,0.0,0.0,0.0,0.0,0.0,0.0,29.0,0.0,0.0,0.0,83.0,0.0,0.0,0.0,0.0,0.0,0.0,0.0,0.0,0.0,0.0,0.0,0.0,0.0,0.0,60,0.0,0.0,0.0,0.0,0.0,0.0,0.0,0.0,0.0,0.0,0.0,0.0,0.0,0.0,0.0,0.0,0.0,0.0,0.0,0.0,0.0,0.0,0.0,0.0,0.0,0.0,0.0,0.0,0.0,0.0,0.0,0.0,0.0,0.0,0.0,0.0,0.0,0.0,0.0,0.0,0.0,0.0,0.0,0.0,0.0,0.0,0.0,0.0,0.0,0.0,0.0,0.0,0.0,0.0,0.0,0.0,0.0,0.0,0.0,0.0,0.0,0.0,0.0,0.0,0.0,0.0,0.0,0.0,0.0,0.0,0.0,0.0,0.0,0.0,0.0,0.0,0.0,0.0,0.0,0.0,0.0,0.0,0.0,0.0,0.0,0.0,0.0,0.0,0.0,0.0,0.0,0.0,0.0,0.0,0.0,0.0,0.0,0.0,0.0,0.0,0.0,0.0,0.0,0.0,0.0,Complex Organic Waste,OFMSW
Duber_2024,SRR28047200,B1,CSTR,172,140.91,,3.49,87.93,13.36,14.62,127.61,2.25,109.62,1.03,314.82,8.6,0.0,147.73,,6.59,0.27,3.13,6.5,37,5.0,,0.0,0.0,0.0,3240.0,0.0,0.0,0.0,0.0,0.0,0.0,303.0,0.0,0.0,0.0,0.0,0.0,2578.0,0.0,0.0,261.0,0.0,2635.0,0.0,0.0,21.0,0.0,0.0,0.0,0.0,0.0,0.0,0.0,0.0,0.0,0.0,1172.0,0.0,0.0,0.0,0.0,0.0,0.0,0.0,0.0,0.0,34.0,0.0,0.0,0.0,71.0,0.0,0.0,0.0,0.0,0.0,0.0,0.0,0.0,0.0,0.0,111.0,0.0,0.0,0.0,145,0.0,0.0,0.0,0.0,0.0,0.0,0.0,0.0,0.0,0.0,0.0,0.0,0.0,0.0,0.0,0.0,0.0,0.0,0.0,0.0,0.0,0.0,0.0,0.0,0.0,0.0,0.0,0.0,0.0,0.0,0.0,0.0,0.0,0.0,0.0,0.0,0.0,0.0,0.0,0.0,0.0,0.0,0.0,0.0,0.0,0.0,0.0,0.0,0.0,0.0,0.0,0.0,0.0,0.0,0.0,0.0,0.0,0.0,0.0,0.0,0.0,0.0,0.0,0.0,0.0,0.0,0.0,0.0,0.0,0.0,0.0,0.0,0.0,0.0,0.0,0.0,0.0,0.0,0.0,0.0,0.0,0.0,0.0,0.0,0.0,0.0,0.0,0.0,0.0,0.0,0.0,0.0,0.0,0.0,0.0,0.0,0.0,0.0,0.0,0.0,0.0,0.0,0.0,0.0,0.0,Complex Organic Waste,OFMSW
Duber_2024,SRR28047199,B1,CSTR,172,140.91,,3.49,87.93,13.36,14.62,127.61,2.25,109.62,1.03,314.82,8.6,0.0,147.73,,6.59,0.27,3.13,6.5,37,5.0,,0.0,0.0,0.0,5778.0,0.0,0.0,0.0,0.0,0.0,0.0,679.0,0.0,0.0,0.0,0.0,0.0,2775.0,0.0,0.0,271.0,0.0,2824.0,0.0,0.0,0.0,0.0,0.0,0.0,0.0,0.0,0.0,0.0,0.0,0.0,0.0,1393.0,0.0,0.0,0.0,0.0,0.0,0.0,0.0,0.0,0.0,180.0,0.0,0.0,0.0,140.0,0.0,0.0,0.0,0.0,0.0,0.0,0.0,0.0,0.0,0.0,117.0,0.0,0.0,0.0,270,0.0,0.0,0.0,0.0,0.0,0.0,0.0,0.0,0.0,0.0,0.0,0.0,0.0,0.0,0.0,0.0,0.0,0.0,0.0,0.0,0.0,0.0,0.0,0.0,0.0,0.0,0.0,0.0,0.0,0.0,0.0,0.0,0.0,0.0,0.0,0.0,0.0,0.0,0.0,0.0,0.0,0.0,0.0,0.0,0.0,0.0,0.0,0.0,0.0,0.0,0.0,0.0,0.0,0.0,0.0,0.0,0.0,0.0,0.0,0.0,0.0,0.0,0.0,0.0,0.0,0.0,0.0,0.0,0.0,0.0,0.0,0.0,0.0,0.0,0.0,0.0,0.0,0.0,0.0,0.0,0.0,0.0,0.0,0.0,0.0,0.0,0.0,0.0,0.0,0.0,0.0,0.0,0.0,0.0,0.0,0.0,0.0,0.0,0.0,0.0,0.0,0.0,0.0,0.0,0.0,Complex Organic Waste,OFMSW
Duber_2024,SRR28047197,B2,CSTR,1,24.28,,0.2,15.99,0.0,0.0,4.13,0.0,0.0,0.0,9.4,0.54,0.0,0.0,0.0,0.0,0.0,0.76,5.5,30,5.0,,0.0,0.0,0.0,34.0,0.0,0.0,0.0,0.0,0.0,0.0,2915.0,0.0,0.0,0.0,0.0,57.0,19946.0,0.0,0.0,0.0,0.0,2148.0,0.0,0.0,0.0,0.0,0.0,0.0,0.0,0.0,0.0,0.0,0.0,0.0,0.0,32.0,0.0,0.0,0.0,0.0,0.0,0.0,0.0,0.0,0.0,1073.0,0.0,0.0,0.0,0.0,0.0,0.0,0.0,0.0,0.0,0.0,0.0,0.0,0.0,0.0,0.0,0.0,0.0,0.0,1251,0.0,0.0,0.0,0.0,0.0,0.0,0.0,0.0,0.0,0.0,0.0,0.0,0.0,0.0,0.0,0.0,0.0,0.0,0.0,0.0,0.0,0.0,0.0,0.0,0.0,0.0,0.0,0.0,0.0,0.0,0.0,0.0,0.0,0.0,0.0,0.0,0.0,0.0,0.0,0.0,0.0,0.0,0.0,0.0,0.0,0.0,0.0,0.0,0.0,0.0,0.0,0.0,0.0,0.0,0.0,0.0,0.0,0.0,0.0,0.0,0.0,0.0,0.0,0.0,0.0,0.0,0.0,0.0,0.0,0.0,0.0,0.0,0.0,0.0,0.0,0.0,0.0,0.0,0.0,0.0,0.0,0.0,0.0,0.0,0.0,0.0,0.0,0.0,0.0,0.0,0.0,0.0,0.0,0.0,0.0,0.0,0.0,0.0,0.0,0.0,0.0,0.0,0.0,0.0,0.0,Complex Organic Waste,OFMSW
Duber_2024,SRR28047196,B2,CSTR,1,24.28,,0.2,15.99,0.0,0.0,4.13,0.0,0.0,0.0,9.4,0.54,0.0,0.0,0.0,0.0,0.0,0.76,5.5,30,5.0,,0.0,0.0,0.0,59.0,0.0,0.0,0.0,0.0,0.0,0.0,2122.0,0.0,0.0,0.0,0.0,66.0,17243.0,0.0,0.0,0.0,0.0,2003.0,0.0,0.0,0.0,0.0,0.0,0.0,0.0,0.0,0.0,0.0,0.0,0.0,0.0,26.0,0.0,0.0,0.0,0.0,0.0,0.0,0.0,0.0,0.0,1042.0,0.0,0.0,0.0,0.0,0.0,0.0,0.0,0.0,36.0,0.0,0.0,0.0,0.0,0.0,0.0,0.0,0.0,0.0,1405,0.0,0.0,0.0,0.0,0.0,0.0,0.0,0.0,0.0,0.0,0.0,0.0,0.0,0.0,0.0,0.0,0.0,0.0,0.0,0.0,0.0,0.0,0.0,0.0,0.0,0.0,0.0,0.0,0.0,0.0,0.0,0.0,0.0,0.0,0.0,0.0,0.0,0.0,0.0,0.0,0.0,0.0,0.0,0.0,0.0,0.0,0.0,0.0,0.0,0.0,0.0,0.0,0.0,0.0,0.0,0.0,0.0,0.0,0.0,0.0,0.0,0.0,0.0,0.0,0.0,0.0,0.0,0.0,0.0,0.0,0.0,0.0,0.0,0.0,0.0,0.0,0.0,0.0,0.0,0.0,0.0,0.0,0.0,0.0,0.0,0.0,0.0,0.0,0.0,0.0,0.0,0.0,0.0,0.0,0.0,0.0,0.0,0.0,0.0,0.0,0.0,0.0,0.0,0.0,0.0,Complex Organic Waste,OFMSW
Duber_2024,SRR28047195,B2,CSTR,1,24.28,,0.2,15.99,0.0,0.0,4.13,0.0,0.0,0.0,9.4,0.54,0.0,0.0,0.0,0.0,0.0,0.76,5.5,30,5.0,,0.0,0.0,0.0,88.0,0.0,0.0,0.0,0.0,0.0,0.0,2660.0,0.0,0.0,0.0,0.0,58.0,23922.0,0.0,0.0,0.0,0.0,2129.0,0.0,0.0,0.0,0.0,0.0,0.0,0.0,0.0,0.0,0.0,0.0,58.0,0.0,52.0,0.0,0.0,0.0,0.0,0.0,0.0,0.0,0.0,0.0,1372.0,0.0,0.0,0.0,10.0,0.0,0.0,0.0,0.0,50.0,0.0,0.0,0.0,0.0,0.0,23.0,0.0,0.0,0.0,1635,0.0,0.0,0.0,0.0,0.0,0.0,0.0,0.0,0.0,0.0,0.0,0.0,0.0,0.0,0.0,0.0,0.0,0.0,0.0,0.0,0.0,0.0,0.0,0.0,0.0,0.0,0.0,0.0,0.0,0.0,0.0,0.0,0.0,0.0,0.0,0.0,0.0,0.0,0.0,0.0,0.0,0.0,0.0,0.0,0.0,0.0,0.0,0.0,0.0,0.0,0.0,0.0,0.0,0.0,0.0,0.0,0.0,0.0,0.0,0.0,0.0,0.0,0.0,0.0,0.0,0.0,0.0,0.0,0.0,0.0,0.0,0.0,0.0,0.0,0.0,0.0,0.0,0.0,0.0,0.0,0.0,0.0,0.0,0.0,0.0,0.0,0.0,0.0,0.0,0.0,0.0,0.0,0.0,0.0,0.0,0.0,0.0,0.0,0.0,0.0,0.0,0.0,0.0,0.0,0.0,Complex Organic Waste,OFMSW
Duber_2024,SRR28047194,B2,CSTR,37,19.12,,2.88,103.65,9.27,72.45,253.73,0.59,8.32,0.0,109.71,0.0,0.0,57.26,0.0,1.65,0.86,5.4,5.5,30,5.0,,0.0,0.0,0.0,0.0,0.0,0.0,0.0,0.0,0.0,0.0,264.0,0.0,0.0,0.0,0.0,0.0,7613.0,0.0,365.0,0.0,154.0,1325.0,25.0,0.0,0.0,0.0,0.0,0.0,0.0,0.0,0.0,136.0,0.0,0.0,0.0,14538.0,0.0,0.0,0.0,0.0,0.0,0.0,0.0,0.0,0.0,60.0,0.0,0.0,0.0,261.0,0.0,0.0,0.0,0.0,0.0,0.0,0.0,0.0,0.0,0.0,0.0,0.0,0.0,0.0,447,0.0,0.0,0.0,0.0,0.0,0.0,0.0,0.0,0.0,0.0,0.0,0.0,0.0,0.0,0.0,0.0,0.0,0.0,0.0,0.0,0.0,0.0,0.0,0.0,0.0,0.0,0.0,0.0,0.0,0.0,0.0,0.0,0.0,0.0,0.0,0.0,0.0,0.0,0.0,0.0,0.0,0.0,0.0,0.0,0.0,0.0,0.0,0.0,0.0,0.0,0.0,0.0,0.0,0.0,0.0,0.0,0.0,0.0,0.0,0.0,0.0,0.0,0.0,0.0,0.0,0.0,0.0,0.0,0.0,0.0,0.0,0.0,0.0,0.0,0.0,0.0,0.0,0.0,0.0,0.0,0.0,0.0,0.0,0.0,0.0,0.0,0.0,0.0,0.0,0.0,0.0,0.0,0.0,0.0,0.0,0.0,0.0,0.0,0.0,0.0,0.0,0.0,0.0,0.0,0.0,Complex Organic Waste,OFMSW
Duber_2024,SRR28047193,B2,CSTR,37,19.12,,2.88,103.65,9.27,72.45,253.73,0.59,8.32,0.0,109.71,0.0,0.0,57.26,0.0,1.65,0.86,5.4,5.5,30,5.0,,0.0,0.0,0.0,0.0,0.0,0.0,0.0,0.0,0.0,0.0,163.0,0.0,0.0,0.0,0.0,0.0,10924.0,0.0,514.0,0.0,130.0,1213.0,0.0,0.0,0.0,0.0,0.0,0.0,0.0,0.0,0.0,186.0,0.0,0.0,0.0,12678.0,0.0,0.0,0.0,0.0,0.0,0.0,0.0,0.0,0.0,56.0,0.0,0.0,0.0,127.0,0.0,0.0,0.0,0.0,0.0,0.0,0.0,0.0,0.0,0.0,0.0,0.0,0.0,0.0,652,0.0,0.0,0.0,0.0,0.0,0.0,0.0,0.0,0.0,0.0,0.0,0.0,0.0,0.0,0.0,0.0,0.0,0.0,0.0,0.0,0.0,0.0,0.0,0.0,0.0,0.0,0.0,0.0,0.0,0.0,0.0,0.0,0.0,0.0,0.0,0.0,0.0,0.0,0.0,0.0,0.0,0.0,0.0,0.0,0.0,0.0,0.0,0.0,0.0,0.0,0.0,0.0,0.0,0.0,0.0,0.0,0.0,0.0,0.0,0.0,0.0,0.0,0.0,0.0,0.0,0.0,0.0,0.0,0.0,0.0,0.0,0.0,0.0,0.0,0.0,0.0,0.0,0.0,0.0,0.0,0.0,0.0,0.0,0.0,0.0,0.0,0.0,0.0,0.0,0.0,0.0,0.0,0.0,0.0,0.0,0.0,0.0,0.0,0.0,0.0,0.0,0.0,0.0,0.0,0.0,Complex Organic Waste,OFMSW
Duber_2024,SRR28047192,B2,CSTR,37,19.12,,2.88,103.65,9.27,72.45,253.73,0.59,8.32,0.0,109.71,0.0,0.0,57.26,0.0,1.65,0.86,5.4,5.5,30,5.0,,0.0,0.0,0.0,247.0,0.0,0.0,0.0,0.0,0.0,0.0,242.0,0.0,0.0,0.0,0.0,0.0,9099.0,0.0,414.0,0.0,223.0,1617.0,0.0,0.0,0.0,0.0,0.0,0.0,0.0,0.0,0.0,163.0,0.0,0.0,0.0,14817.0,0.0,0.0,0.0,0.0,0.0,0.0,0.0,0.0,0.0,46.0,0.0,0.0,0.0,286.0,0.0,0.0,0.0,0.0,0.0,0.0,0.0,0.0,0.0,0.0,0.0,0.0,0.0,0.0,631,0.0,0.0,0.0,0.0,0.0,0.0,0.0,0.0,0.0,0.0,0.0,0.0,0.0,0.0,0.0,0.0,0.0,0.0,0.0,0.0,0.0,0.0,0.0,0.0,0.0,0.0,0.0,0.0,0.0,0.0,0.0,0.0,0.0,0.0,0.0,0.0,0.0,0.0,0.0,0.0,0.0,0.0,0.0,0.0,0.0,0.0,0.0,0.0,0.0,0.0,0.0,0.0,0.0,0.0,0.0,0.0,0.0,0.0,0.0,0.0,0.0,0.0,0.0,0.0,0.0,0.0,0.0,0.0,0.0,0.0,0.0,0.0,0.0,0.0,0.0,0.0,0.0,0.0,0.0,0.0,0.0,0.0,0.0,0.0,0.0,0.0,0.0,0.0,0.0,0.0,0.0,0.0,0.0,0.0,0.0,0.0,0.0,0.0,0.0,0.0,0.0,0.0,0.0,0.0,0.0,Complex Organic Waste,OFMSW
Duber_2024,SRR28047191,B2,CSTR,53,0.0,,1.08,96.78,15.82,42.62,225.72,1.61,8.66,1.28,120.46,0.71,0.0,36.51,4.71,1.68,2.75,8.449999999999998,5.5,30,5.0,,0.0,0.0,0.0,0.0,0.0,0.0,0.0,0.0,0.0,0.0,366.0,0.0,0.0,0.0,0.0,0.0,12391.0,0.0,28.0,0.0,143.0,367.0,1660.0,0.0,0.0,0.0,0.0,0.0,0.0,0.0,0.0,206.0,0.0,0.0,0.0,10815.0,0.0,0.0,0.0,0.0,0.0,0.0,0.0,0.0,0.0,21.0,0.0,0.0,0.0,0.0,0.0,0.0,0.0,0.0,0.0,0.0,0.0,0.0,0.0,0.0,0.0,0.0,0.0,0.0,2636,0.0,0.0,0.0,0.0,0.0,0.0,0.0,0.0,0.0,0.0,0.0,0.0,0.0,0.0,0.0,0.0,0.0,0.0,0.0,0.0,0.0,0.0,0.0,0.0,0.0,0.0,0.0,0.0,0.0,0.0,0.0,0.0,0.0,0.0,0.0,0.0,0.0,0.0,0.0,0.0,0.0,0.0,0.0,0.0,0.0,0.0,0.0,0.0,0.0,0.0,0.0,0.0,0.0,0.0,0.0,0.0,0.0,0.0,0.0,0.0,0.0,0.0,0.0,0.0,0.0,0.0,0.0,0.0,0.0,0.0,0.0,0.0,0.0,0.0,0.0,0.0,0.0,0.0,0.0,0.0,0.0,0.0,0.0,0.0,0.0,0.0,0.0,0.0,0.0,0.0,0.0,0.0,0.0,0.0,0.0,0.0,0.0,0.0,0.0,0.0,0.0,0.0,0.0,0.0,0.0,Complex Organic Waste,OFMSW
Duber_2024,SRR28047190,B2,CSTR,53,0.0,,1.08,96.78,15.82,42.62,225.72,1.61,8.66,1.28,120.46,0.71,0.0,36.51,4.71,1.68,2.75,8.449999999999998,5.5,30,5.0,,0.0,0.0,0.0,0.0,0.0,0.0,0.0,0.0,0.0,0.0,227.0,0.0,0.0,0.0,0.0,0.0,10756.0,0.0,59.0,0.0,219.0,439.0,2339.0,0.0,0.0,0.0,0.0,0.0,0.0,0.0,0.0,226.0,0.0,0.0,0.0,10359.0,0.0,0.0,0.0,0.0,0.0,0.0,0.0,0.0,0.0,19.0,0.0,0.0,0.0,23.0,0.0,0.0,0.0,0.0,0.0,0.0,0.0,0.0,0.0,0.0,0.0,0.0,0.0,0.0,2951,0.0,0.0,0.0,0.0,0.0,0.0,0.0,0.0,0.0,0.0,0.0,0.0,0.0,0.0,0.0,0.0,0.0,0.0,0.0,0.0,0.0,0.0,0.0,0.0,0.0,0.0,0.0,0.0,0.0,0.0,0.0,0.0,0.0,0.0,0.0,0.0,0.0,0.0,0.0,0.0,0.0,0.0,0.0,0.0,0.0,0.0,0.0,0.0,0.0,0.0,0.0,0.0,0.0,0.0,0.0,0.0,0.0,0.0,0.0,0.0,0.0,0.0,0.0,0.0,0.0,0.0,0.0,0.0,0.0,0.0,0.0,0.0,0.0,0.0,0.0,0.0,0.0,0.0,0.0,0.0,0.0,0.0,0.0,0.0,0.0,0.0,0.0,0.0,0.0,0.0,0.0,0.0,0.0,0.0,0.0,0.0,0.0,0.0,0.0,0.0,0.0,0.0,0.0,0.0,0.0,Complex Organic Waste,OFMSW
Duber_2024,SRR28047189,B2,CSTR,53,0.0,,1.08,96.78,15.82,42.62,225.72,1.61,8.66,1.28,120.46,0.71,0.0,36.51,4.71,1.68,2.75,8.449999999999998,5.5,30,5.0,,0.0,0.0,0.0,24.0,0.0,0.0,0.0,0.0,0.0,0.0,159.0,0.0,0.0,0.0,0.0,0.0,9625.0,0.0,48.0,0.0,300.0,576.0,2261.0,0.0,0.0,0.0,0.0,0.0,0.0,0.0,0.0,201.0,0.0,0.0,0.0,8132.0,0.0,0.0,0.0,0.0,0.0,0.0,0.0,0.0,0.0,21.0,0.0,0.0,0.0,0.0,0.0,0.0,0.0,0.0,0.0,0.0,0.0,0.0,0.0,0.0,0.0,0.0,0.0,0.0,2930,0.0,0.0,0.0,0.0,0.0,0.0,0.0,0.0,0.0,0.0,0.0,0.0,0.0,0.0,0.0,0.0,0.0,0.0,0.0,0.0,0.0,0.0,0.0,0.0,0.0,0.0,0.0,0.0,0.0,0.0,0.0,0.0,0.0,0.0,0.0,0.0,0.0,0.0,0.0,0.0,0.0,0.0,0.0,0.0,0.0,0.0,0.0,0.0,0.0,0.0,0.0,0.0,0.0,0.0,0.0,0.0,0.0,0.0,0.0,0.0,0.0,0.0,0.0,0.0,0.0,0.0,0.0,0.0,0.0,0.0,0.0,0.0,0.0,0.0,0.0,0.0,0.0,0.0,0.0,0.0,0.0,0.0,0.0,0.0,0.0,0.0,0.0,0.0,0.0,0.0,0.0,0.0,0.0,0.0,0.0,0.0,0.0,0.0,0.0,0.0,0.0,0.0,0.0,0.0,0.0,Complex Organic Waste,OFMSW
Duber_2024,SRR28047188,B2,CSTR,79,0.0,,2.34,126.93,8.42,83.35,152.9,1.08,17.18,1.03,125.88,2.26,0.0,45.8,,0.0,2.27,1.08,6.5,37,5.0,,0.0,0.0,0.0,0.0,0.0,0.0,0.0,0.0,0.0,0.0,866.0,0.0,0.0,0.0,0.0,0.0,7991.0,0.0,0.0,0.0,81.0,1262.0,710.0,0.0,0.0,0.0,0.0,0.0,0.0,0.0,0.0,173.0,0.0,0.0,0.0,10301.0,0.0,0.0,0.0,0.0,0.0,0.0,0.0,0.0,0.0,11.0,0.0,0.0,0.0,0.0,0.0,0.0,0.0,0.0,0.0,0.0,0.0,0.0,0.0,0.0,0.0,0.0,0.0,0.0,3392,0.0,0.0,0.0,0.0,0.0,0.0,0.0,0.0,0.0,0.0,0.0,0.0,0.0,0.0,0.0,0.0,0.0,0.0,0.0,0.0,0.0,0.0,0.0,0.0,0.0,0.0,0.0,0.0,0.0,0.0,0.0,0.0,0.0,0.0,0.0,0.0,0.0,0.0,0.0,0.0,0.0,0.0,0.0,0.0,0.0,0.0,0.0,0.0,0.0,0.0,0.0,0.0,0.0,0.0,0.0,0.0,0.0,0.0,0.0,0.0,0.0,0.0,0.0,0.0,0.0,0.0,0.0,0.0,0.0,0.0,0.0,0.0,0.0,0.0,0.0,0.0,0.0,0.0,0.0,0.0,0.0,0.0,0.0,0.0,0.0,0.0,0.0,0.0,0.0,0.0,0.0,0.0,0.0,0.0,0.0,0.0,0.0,0.0,0.0,0.0,0.0,0.0,0.0,0.0,0.0,Complex Organic Waste,OFMSW
Duber_2024,SRR28047186,B2,CSTR,79,0.0,,2.34,126.93,8.42,83.35,152.9,1.08,17.18,1.03,125.88,2.26,0.0,45.8,,0.0,2.27,1.08,6.5,37,5.0,,0.0,0.0,0.0,0.0,0.0,0.0,0.0,0.0,0.0,0.0,778.0,0.0,0.0,0.0,0.0,0.0,7183.0,0.0,0.0,0.0,56.0,621.0,214.0,0.0,0.0,0.0,0.0,0.0,0.0,0.0,0.0,98.0,0.0,0.0,0.0,7507.0,0.0,0.0,0.0,0.0,0.0,0.0,0.0,0.0,0.0,0.0,0.0,0.0,0.0,0.0,0.0,0.0,0.0,0.0,0.0,0.0,0.0,0.0,0.0,0.0,0.0,0.0,0.0,0.0,2739,0.0,0.0,0.0,0.0,0.0,0.0,0.0,0.0,0.0,0.0,0.0,0.0,0.0,0.0,0.0,0.0,0.0,0.0,0.0,0.0,0.0,0.0,0.0,0.0,0.0,0.0,0.0,0.0,0.0,0.0,0.0,0.0,0.0,0.0,0.0,0.0,0.0,0.0,0.0,0.0,0.0,0.0,0.0,0.0,0.0,0.0,0.0,0.0,0.0,0.0,0.0,0.0,0.0,0.0,0.0,0.0,0.0,0.0,0.0,0.0,0.0,0.0,0.0,0.0,0.0,0.0,0.0,0.0,0.0,0.0,0.0,0.0,0.0,0.0,0.0,0.0,0.0,0.0,0.0,0.0,0.0,0.0,0.0,0.0,0.0,0.0,0.0,0.0,0.0,0.0,0.0,0.0,0.0,0.0,0.0,0.0,0.0,0.0,0.0,0.0,0.0,0.0,0.0,0.0,0.0,Complex Organic Waste,OFMSW
Duber_2024,SRR28047185,B2,CSTR,79,0.0,,2.34,126.93,8.42,83.35,152.9,1.08,17.18,1.03,125.88,2.26,0.0,45.8,,0.0,2.27,1.08,6.5,37,5.0,,0.0,0.0,0.0,0.0,0.0,0.0,0.0,0.0,0.0,0.0,756.0,0.0,0.0,0.0,0.0,0.0,8488.0,0.0,0.0,0.0,115.0,978.0,429.0,0.0,0.0,0.0,0.0,0.0,0.0,0.0,0.0,166.0,0.0,0.0,0.0,8492.0,0.0,0.0,0.0,0.0,0.0,0.0,0.0,0.0,0.0,19.0,0.0,0.0,0.0,23.0,0.0,0.0,0.0,0.0,0.0,0.0,0.0,0.0,0.0,0.0,0.0,0.0,0.0,0.0,3899,0.0,0.0,0.0,0.0,0.0,0.0,0.0,0.0,0.0,0.0,0.0,0.0,0.0,0.0,0.0,0.0,0.0,0.0,0.0,0.0,0.0,0.0,0.0,0.0,0.0,0.0,0.0,0.0,0.0,0.0,0.0,0.0,0.0,0.0,0.0,0.0,0.0,0.0,0.0,0.0,0.0,0.0,0.0,0.0,0.0,0.0,0.0,0.0,0.0,0.0,0.0,0.0,0.0,0.0,0.0,0.0,0.0,0.0,0.0,0.0,0.0,0.0,0.0,0.0,0.0,0.0,0.0,0.0,0.0,0.0,0.0,0.0,0.0,0.0,0.0,0.0,0.0,0.0,0.0,0.0,0.0,0.0,0.0,0.0,0.0,0.0,0.0,0.0,0.0,0.0,0.0,0.0,0.0,0.0,0.0,0.0,0.0,0.0,0.0,0.0,0.0,0.0,0.0,0.0,0.0,Complex Organic Waste,OFMSW
Duber_2024,SRR28047184,B2,CSTR,105,265.23,,6.16,27.84,0.69,2.18,26.47,0.0,0.0,0.0,1.45,0.0,0.0,174.6,,0.0,1.46,0.0,6.5,50,5.0,,0.0,0.0,0.0,39.0,0.0,0.0,0.0,0.0,0.0,0.0,9439.0,0.0,0.0,0.0,0.0,0.0,186.0,0.0,0.0,0.0,90.0,208.0,0.0,0.0,0.0,0.0,0.0,0.0,0.0,0.0,0.0,0.0,0.0,0.0,0.0,4908.0,0.0,0.0,0.0,0.0,0.0,0.0,0.0,0.0,0.0,0.0,0.0,0.0,0.0,325.0,0.0,0.0,0.0,0.0,0.0,0.0,0.0,0.0,0.0,0.0,1041.0,0.0,0.0,0.0,61,0.0,0.0,0.0,0.0,0.0,0.0,0.0,0.0,0.0,0.0,0.0,0.0,0.0,0.0,0.0,0.0,0.0,0.0,0.0,0.0,0.0,0.0,0.0,0.0,0.0,0.0,0.0,0.0,0.0,0.0,0.0,0.0,0.0,0.0,0.0,0.0,0.0,0.0,0.0,0.0,0.0,0.0,0.0,0.0,0.0,0.0,0.0,0.0,0.0,0.0,0.0,0.0,0.0,0.0,0.0,0.0,0.0,0.0,0.0,0.0,0.0,0.0,0.0,0.0,0.0,0.0,0.0,0.0,0.0,0.0,0.0,0.0,0.0,0.0,0.0,0.0,0.0,0.0,0.0,0.0,0.0,0.0,0.0,0.0,0.0,0.0,0.0,0.0,0.0,0.0,0.0,0.0,0.0,0.0,0.0,0.0,0.0,0.0,0.0,0.0,0.0,0.0,0.0,0.0,0.0,Complex Organic Waste,OFMSW
Duber_2024,SRR28047183,B2,CSTR,105,265.23,,6.16,27.84,0.69,2.18,26.47,0.0,0.0,0.0,1.45,0.0,0.0,174.6,,0.0,1.46,0.0,6.5,50,5.0,,0.0,0.0,0.0,19.0,0.0,0.0,0.0,0.0,0.0,0.0,7300.0,0.0,0.0,0.0,0.0,0.0,115.0,0.0,0.0,0.0,0.0,147.0,0.0,0.0,0.0,0.0,0.0,0.0,0.0,0.0,0.0,0.0,0.0,0.0,0.0,2300.0,0.0,0.0,0.0,0.0,0.0,0.0,0.0,0.0,0.0,0.0,0.0,0.0,0.0,380.0,0.0,0.0,0.0,0.0,0.0,0.0,0.0,0.0,0.0,0.0,897.0,0.0,0.0,0.0,48,0.0,0.0,0.0,0.0,0.0,0.0,0.0,0.0,0.0,0.0,0.0,0.0,0.0,0.0,0.0,0.0,0.0,0.0,0.0,0.0,0.0,0.0,0.0,0.0,0.0,0.0,0.0,0.0,0.0,0.0,0.0,0.0,0.0,0.0,0.0,0.0,0.0,0.0,0.0,0.0,0.0,0.0,0.0,0.0,0.0,0.0,0.0,0.0,0.0,0.0,0.0,0.0,0.0,0.0,0.0,0.0,0.0,0.0,0.0,0.0,0.0,0.0,0.0,0.0,0.0,0.0,0.0,0.0,0.0,0.0,0.0,0.0,0.0,0.0,0.0,0.0,0.0,0.0,0.0,0.0,0.0,0.0,0.0,0.0,0.0,0.0,0.0,0.0,0.0,0.0,0.0,0.0,0.0,0.0,0.0,0.0,0.0,0.0,0.0,0.0,0.0,0.0,0.0,0.0,0.0,Complex Organic Waste,OFMSW
Duber_2024,SRR28047182,B2,CSTR,105,265.23,,6.16,27.84,0.69,2.18,26.47,0.0,0.0,0.0,1.45,0.0,0.0,174.6,,0.0,1.46,0.0,6.5,50,5.0,,0.0,0.0,0.0,161.0,0.0,0.0,0.0,0.0,0.0,0.0,14439.0,0.0,0.0,0.0,0.0,0.0,478.0,0.0,0.0,0.0,107.0,271.0,21.0,0.0,0.0,0.0,0.0,0.0,0.0,0.0,0.0,30.0,0.0,0.0,0.0,3140.0,0.0,0.0,0.0,0.0,0.0,0.0,0.0,0.0,0.0,0.0,0.0,0.0,0.0,539.0,0.0,0.0,0.0,0.0,0.0,0.0,0.0,0.0,0.0,0.0,1395.0,0.0,0.0,0.0,146,0.0,0.0,0.0,0.0,0.0,0.0,0.0,0.0,0.0,0.0,0.0,0.0,0.0,0.0,0.0,0.0,0.0,0.0,0.0,0.0,0.0,0.0,0.0,0.0,0.0,0.0,0.0,0.0,0.0,0.0,0.0,0.0,0.0,0.0,0.0,0.0,0.0,0.0,0.0,0.0,0.0,0.0,0.0,0.0,0.0,0.0,0.0,0.0,0.0,0.0,0.0,0.0,0.0,0.0,0.0,0.0,0.0,0.0,0.0,0.0,0.0,0.0,0.0,0.0,0.0,0.0,0.0,0.0,0.0,0.0,0.0,0.0,0.0,0.0,0.0,0.0,0.0,0.0,0.0,0.0,0.0,0.0,0.0,0.0,0.0,0.0,0.0,0.0,0.0,0.0,0.0,0.0,0.0,0.0,0.0,0.0,0.0,0.0,0.0,0.0,0.0,0.0,0.0,0.0,0.0,Complex Organic Waste,OFMSW
Duber_2024,SRR28047181,B2,CSTR,123,182.94,,6.0,24.85,0.61,1.95,79.17,0.0,0.0,0.0,0.88,0.0,3.27,191.8,,0.0,0.65,0.76,5.5,37,5.0,,0.0,0.0,0.0,32.0,0.0,0.0,0.0,0.0,0.0,0.0,10513.0,0.0,0.0,0.0,0.0,0.0,48.0,0.0,0.0,0.0,0.0,0.0,0.0,0.0,0.0,0.0,0.0,0.0,0.0,0.0,0.0,0.0,0.0,0.0,0.0,8506.0,0.0,0.0,0.0,0.0,0.0,0.0,0.0,0.0,0.0,0.0,0.0,0.0,0.0,136.0,0.0,0.0,0.0,0.0,0.0,0.0,0.0,0.0,0.0,0.0,2431.0,0.0,0.0,0.0,30,0.0,0.0,0.0,0.0,0.0,0.0,0.0,0.0,0.0,0.0,0.0,0.0,0.0,0.0,0.0,0.0,0.0,0.0,0.0,0.0,0.0,0.0,0.0,0.0,0.0,0.0,0.0,0.0,0.0,0.0,0.0,0.0,0.0,0.0,0.0,0.0,0.0,0.0,0.0,0.0,0.0,0.0,0.0,0.0,0.0,0.0,0.0,0.0,0.0,0.0,0.0,0.0,0.0,0.0,0.0,0.0,0.0,0.0,0.0,0.0,0.0,0.0,0.0,0.0,0.0,0.0,0.0,0.0,0.0,0.0,0.0,0.0,0.0,0.0,0.0,0.0,0.0,0.0,0.0,0.0,0.0,0.0,0.0,0.0,0.0,0.0,0.0,0.0,0.0,0.0,0.0,0.0,0.0,0.0,0.0,0.0,0.0,0.0,0.0,0.0,0.0,0.0,0.0,0.0,0.0,Complex Organic Waste,OFMSW
Duber_2024,SRR28047180,B2,CSTR,123,182.94,,6.0,24.85,0.61,1.95,79.17,0.0,0.0,0.0,0.88,0.0,3.27,191.8,,0.0,0.65,0.76,5.5,37,5.0,,0.0,0.0,0.0,23.0,0.0,0.0,0.0,0.0,0.0,0.0,9903.0,0.0,0.0,0.0,0.0,0.0,68.0,0.0,0.0,0.0,0.0,48.0,0.0,0.0,0.0,0.0,0.0,0.0,0.0,0.0,0.0,0.0,0.0,0.0,0.0,3206.0,0.0,0.0,0.0,0.0,0.0,0.0,0.0,0.0,0.0,0.0,0.0,0.0,0.0,82.0,0.0,0.0,0.0,0.0,0.0,0.0,0.0,0.0,0.0,0.0,3980.0,0.0,0.0,0.0,23,0.0,0.0,0.0,0.0,0.0,0.0,0.0,0.0,0.0,0.0,0.0,0.0,0.0,0.0,0.0,0.0,0.0,0.0,0.0,0.0,0.0,0.0,0.0,0.0,0.0,0.0,0.0,0.0,0.0,0.0,0.0,0.0,0.0,0.0,0.0,0.0,0.0,0.0,0.0,0.0,0.0,0.0,0.0,0.0,0.0,0.0,0.0,0.0,0.0,0.0,0.0,0.0,0.0,0.0,0.0,0.0,0.0,0.0,0.0,0.0,0.0,0.0,0.0,0.0,0.0,0.0,0.0,0.0,0.0,0.0,0.0,0.0,0.0,0.0,0.0,0.0,0.0,0.0,0.0,0.0,0.0,0.0,0.0,0.0,0.0,0.0,0.0,0.0,0.0,0.0,0.0,0.0,0.0,0.0,0.0,0.0,0.0,0.0,0.0,0.0,0.0,0.0,0.0,0.0,0.0,Complex Organic Waste,OFMSW
Duber_2024,SRR28047179,B2,CSTR,123,182.94,,6.0,24.85,0.61,1.95,79.17,0.0,0.0,0.0,0.88,0.0,3.27,191.8,,0.0,0.65,0.76,5.5,37,5.0,,0.0,0.0,0.0,196.0,0.0,0.0,0.0,0.0,0.0,0.0,9678.0,0.0,0.0,0.0,0.0,0.0,63.0,0.0,0.0,0.0,0.0,72.0,20.0,0.0,0.0,0.0,0.0,0.0,0.0,0.0,0.0,0.0,0.0,0.0,0.0,1933.0,0.0,0.0,0.0,0.0,0.0,0.0,0.0,0.0,0.0,0.0,0.0,0.0,0.0,77.0,0.0,0.0,0.0,0.0,0.0,0.0,0.0,0.0,0.0,0.0,4569.0,0.0,0.0,0.0,146,0.0,0.0,0.0,0.0,0.0,0.0,0.0,0.0,0.0,0.0,0.0,0.0,0.0,0.0,0.0,0.0,0.0,0.0,0.0,0.0,0.0,0.0,0.0,0.0,0.0,0.0,0.0,0.0,0.0,0.0,0.0,0.0,0.0,0.0,0.0,0.0,0.0,0.0,0.0,0.0,0.0,0.0,0.0,0.0,0.0,0.0,0.0,0.0,0.0,0.0,0.0,0.0,0.0,0.0,0.0,0.0,0.0,0.0,0.0,0.0,0.0,0.0,0.0,0.0,0.0,0.0,0.0,0.0,0.0,0.0,0.0,0.0,0.0,0.0,0.0,0.0,0.0,0.0,0.0,0.0,0.0,0.0,0.0,0.0,0.0,0.0,0.0,0.0,0.0,0.0,0.0,0.0,0.0,0.0,0.0,0.0,0.0,0.0,0.0,0.0,0.0,0.0,0.0,0.0,0.0,Complex Organic Waste,OFMSW
Duber_2024,SRR28047178,B2,CSTR,158,175.74,,7.38,24.58,0.0,1.77,52.21,0.0,0.0,0.0,0.0,0.0,0.0,170.74,,0.7,0.0,0.65,6.5,37,5.0,,0.0,0.0,0.0,0.0,0.0,0.0,0.0,0.0,0.0,0.0,12097.0,0.0,0.0,0.0,0.0,0.0,0.0,0.0,0.0,0.0,0.0,0.0,0.0,0.0,0.0,0.0,0.0,0.0,0.0,0.0,0.0,0.0,0.0,0.0,0.0,5477.0,0.0,0.0,0.0,0.0,0.0,0.0,0.0,0.0,0.0,0.0,0.0,0.0,0.0,308.0,0.0,0.0,0.0,0.0,0.0,0.0,0.0,0.0,0.0,0.0,3210.0,0.0,0.0,0.0,16,0.0,0.0,0.0,0.0,0.0,0.0,0.0,0.0,0.0,0.0,0.0,0.0,0.0,0.0,0.0,0.0,0.0,0.0,0.0,0.0,0.0,0.0,0.0,0.0,0.0,0.0,0.0,0.0,0.0,0.0,0.0,0.0,0.0,0.0,0.0,0.0,0.0,0.0,0.0,0.0,0.0,0.0,0.0,0.0,0.0,0.0,0.0,0.0,0.0,0.0,0.0,0.0,0.0,0.0,0.0,0.0,0.0,0.0,0.0,0.0,0.0,0.0,0.0,0.0,0.0,0.0,0.0,0.0,0.0,0.0,0.0,0.0,0.0,0.0,0.0,0.0,0.0,0.0,0.0,0.0,0.0,0.0,0.0,0.0,0.0,0.0,0.0,0.0,0.0,0.0,0.0,0.0,0.0,0.0,0.0,0.0,0.0,0.0,0.0,0.0,0.0,0.0,0.0,0.0,0.0,Complex Organic Waste,OFMSW
Duber_2024,SRR28047177,B2,CSTR,158,175.74,,7.38,24.58,0.0,1.77,52.21,0.0,0.0,0.0,0.0,0.0,0.0,170.74,,0.7,0.0,0.65,6.5,37,5.0,,0.0,0.0,0.0,65.0,0.0,0.0,0.0,0.0,0.0,0.0,12633.0,0.0,0.0,0.0,0.0,0.0,24.0,0.0,0.0,0.0,0.0,0.0,0.0,0.0,0.0,0.0,0.0,0.0,0.0,0.0,0.0,0.0,0.0,0.0,0.0,2355.0,0.0,0.0,0.0,0.0,0.0,0.0,0.0,0.0,0.0,0.0,0.0,0.0,0.0,173.0,0.0,0.0,0.0,0.0,0.0,0.0,0.0,0.0,0.0,0.0,3229.0,0.0,0.0,0.0,0,0.0,0.0,0.0,0.0,0.0,0.0,0.0,0.0,0.0,0.0,0.0,0.0,0.0,0.0,0.0,0.0,0.0,0.0,0.0,0.0,0.0,0.0,0.0,0.0,0.0,0.0,0.0,0.0,0.0,0.0,0.0,0.0,0.0,0.0,0.0,0.0,0.0,0.0,0.0,0.0,0.0,0.0,0.0,0.0,0.0,0.0,0.0,0.0,0.0,0.0,0.0,0.0,0.0,0.0,0.0,0.0,0.0,0.0,0.0,0.0,0.0,0.0,0.0,0.0,0.0,0.0,0.0,0.0,0.0,0.0,0.0,0.0,0.0,0.0,0.0,0.0,0.0,0.0,0.0,0.0,0.0,0.0,0.0,0.0,0.0,0.0,0.0,0.0,0.0,0.0,0.0,0.0,0.0,0.0,0.0,0.0,0.0,0.0,0.0,0.0,0.0,0.0,0.0,0.0,0.0,Complex Organic Waste,OFMSW
Duber_2024,SRR28047175,B2,CSTR,158,175.74,,7.38,24.58,0.0,1.77,52.21,0.0,0.0,0.0,0.0,0.0,0.0,170.74,,0.7,0.0,0.65,6.5,37,5.0,,0.0,0.0,0.0,26.0,0.0,0.0,0.0,0.0,0.0,0.0,15863.0,0.0,0.0,0.0,0.0,0.0,0.0,0.0,0.0,0.0,0.0,0.0,0.0,0.0,0.0,0.0,0.0,0.0,0.0,0.0,0.0,0.0,0.0,0.0,0.0,3501.0,0.0,0.0,0.0,0.0,0.0,0.0,0.0,0.0,0.0,0.0,0.0,0.0,0.0,202.0,0.0,0.0,0.0,0.0,0.0,0.0,0.0,0.0,0.0,0.0,4528.0,0.0,0.0,0.0,15,0.0,0.0,0.0,0.0,0.0,0.0,0.0,0.0,0.0,0.0,0.0,0.0,0.0,0.0,0.0,0.0,0.0,0.0,0.0,0.0,0.0,0.0,0.0,0.0,0.0,0.0,0.0,0.0,0.0,0.0,0.0,0.0,0.0,0.0,0.0,0.0,0.0,0.0,0.0,0.0,0.0,0.0,0.0,0.0,0.0,0.0,0.0,0.0,0.0,0.0,0.0,0.0,0.0,0.0,0.0,0.0,0.0,0.0,0.0,0.0,0.0,0.0,0.0,0.0,0.0,0.0,0.0,0.0,0.0,0.0,0.0,0.0,0.0,0.0,0.0,0.0,0.0,0.0,0.0,0.0,0.0,0.0,0.0,0.0,0.0,0.0,0.0,0.0,0.0,0.0,0.0,0.0,0.0,0.0,0.0,0.0,0.0,0.0,0.0,0.0,0.0,0.0,0.0,0.0,0.0,Complex Organic Waste,OFMSW
Brodowski_2022,SRR18962131,R2,Batch,0,150.0,,,150.0,0.0,,0.0,,0.0,,0.0,,,,,,,,5.5,30,,,214.0,0.0,23.0,0.0,0.0,0.0,0.0,0.0,0.0,1977.0,0.0,0.0,0.0,0.0,0.0,0.0,43871.0,0.0,388.0,0.0,0.0,970.0,0.0,0.0,0.0,0.0,0.0,0.0,0.0,0.0,0.0,0.0,0.0,99.0,0.0,0.0,1499.0,64.0,126.0,0.0,716.0,0.0,0.0,902.0,0.0,584.0,0.0,0.0,0.0,0.0,4398.0,0.0,210.0,0.0,0.0,0.0,0.0,124.0,0.0,0.0,0.0,0.0,14.0,139.0,200,0.0,0.0,0.0,0.0,0.0,0.0,0.0,0.0,0.0,0.0,0.0,0.0,0.0,0.0,0.0,0.0,0.0,0.0,0.0,0.0,0.0,0.0,0.0,0.0,0.0,0.0,0.0,0.0,0.0,0.0,0.0,0.0,0.0,0.0,0.0,0.0,0.0,0.0,0.0,0.0,0.0,0.0,0.0,0.0,0.0,0.0,0.0,0.0,0.0,0.0,0.0,0.0,0.0,0.0,0.0,0.0,0.0,0.0,0.0,0.0,0.0,0.0,0.0,0.0,0.0,0.0,0.0,0.0,0.0,0.0,0.0,0.0,0.0,0.0,0.0,0.0,0.0,0.0,0.0,0.0,0.0,0.0,0.0,0.0,0.0,0.0,0.0,0.0,0.0,0.0,0.0,0.0,0.0,0.0,0.0,0.0,0.0,0.0,0.0,0.0,0.0,0.0,0.0,0.0,0.0,Defined Synthetic Media,Lactate + Acetate
Brodowski_2022,SRR18962131,R3,Batch,0,240.0,,,60.0,0.0,,0.0,,0.0,,0.0,,,,,,,,5.5,30,,,214.0,0.0,23.0,0.0,0.0,0.0,0.0,0.0,0.0,1977.0,0.0,0.0,0.0,0.0,0.0,0.0,43871.0,0.0,388.0,0.0,0.0,970.0,0.0,0.0,0.0,0.0,0.0,0.0,0.0,0.0,0.0,0.0,0.0,99.0,0.0,0.0,1499.0,64.0,126.0,0.0,716.0,0.0,0.0,902.0,0.0,584.0,0.0,0.0,0.0,0.0,4398.0,0.0,210.0,0.0,0.0,0.0,0.0,124.0,0.0,0.0,0.0,0.0,14.0,139.0,200,0.0,0.0,0.0,0.0,0.0,0.0,0.0,0.0,0.0,0.0,0.0,0.0,0.0,0.0,0.0,0.0,0.0,0.0,0.0,0.0,0.0,0.0,0.0,0.0,0.0,0.0,0.0,0.0,0.0,0.0,0.0,0.0,0.0,0.0,0.0,0.0,0.0,0.0,0.0,0.0,0.0,0.0,0.0,0.0,0.0,0.0,0.0,0.0,0.0,0.0,0.0,0.0,0.0,0.0,0.0,0.0,0.0,0.0,0.0,0.0,0.0,0.0,0.0,0.0,0.0,0.0,0.0,0.0,0.0,0.0,0.0,0.0,0.0,0.0,0.0,0.0,0.0,0.0,0.0,0.0,0.0,0.0,0.0,0.0,0.0,0.0,0.0,0.0,0.0,0.0,0.0,0.0,0.0,0.0,0.0,0.0,0.0,0.0,0.0,0.0,0.0,0.0,0.0,0.0,0.0,Defined Synthetic Media,Lactate + Acetate
Brodowski_2022,SRR18962131,R4,Batch,0,300.0,,,0.0,0.0,,0.0,,0.0,,0.0,,,,,,,,5.5,30,,,214.0,0.0,23.0,0.0,0.0,0.0,0.0,0.0,0.0,1977.0,0.0,0.0,0.0,0.0,0.0,0.0,43871.0,0.0,388.0,0.0,0.0,970.0,0.0,0.0,0.0,0.0,0.0,0.0,0.0,0.0,0.0,0.0,0.0,99.0,0.0,0.0,1499.0,64.0,126.0,0.0,716.0,0.0,0.0,902.0,0.0,584.0,0.0,0.0,0.0,0.0,4398.0,0.0,210.0,0.0,0.0,0.0,0.0,124.0,0.0,0.0,0.0,0.0,14.0,139.0,200,0.0,0.0,0.0,0.0,0.0,0.0,0.0,0.0,0.0,0.0,0.0,0.0,0.0,0.0,0.0,0.0,0.0,0.0,0.0,0.0,0.0,0.0,0.0,0.0,0.0,0.0,0.0,0.0,0.0,0.0,0.0,0.0,0.0,0.0,0.0,0.0,0.0,0.0,0.0,0.0,0.0,0.0,0.0,0.0,0.0,0.0,0.0,0.0,0.0,0.0,0.0,0.0,0.0,0.0,0.0,0.0,0.0,0.0,0.0,0.0,0.0,0.0,0.0,0.0,0.0,0.0,0.0,0.0,0.0,0.0,0.0,0.0,0.0,0.0,0.0,0.0,0.0,0.0,0.0,0.0,0.0,0.0,0.0,0.0,0.0,0.0,0.0,0.0,0.0,0.0,0.0,0.0,0.0,0.0,0.0,0.0,0.0,0.0,0.0,0.0,0.0,0.0,0.0,0.0,0.0,Defined Synthetic Media,Lactate + Acetate
Brodowski_2022,SRR18962130,R2,Batch,6,0.0,,,137.0,6.0,,79.0,,0.0,,19.0,,,,,,,,5.5,30,,,35341.0,0.0,0.0,0.0,0.0,0.0,0.0,171.0,0.0,60.0,0.0,866.0,0.0,0.0,0.0,0.0,274.0,0.0,77.0,0.0,0.0,217.0,0.0,948.0,0.0,0.0,0.0,0.0,0.0,0.0,0.0,0.0,0.0,0.0,0.0,41.0,42.0,0.0,105.0,0.0,0.0,0.0,0.0,0.0,0.0,584.0,0.0,0.0,0.0,0.0,247.0,0.0,112.0,0.0,0.0,0.0,0.0,0.0,0.0,0.0,0.0,0.0,232.0,48.0,93,0.0,0.0,0.0,0.0,0.0,0.0,0.0,0.0,0.0,0.0,0.0,0.0,0.0,0.0,0.0,0.0,0.0,0.0,0.0,0.0,0.0,0.0,0.0,0.0,0.0,0.0,0.0,0.0,0.0,0.0,0.0,0.0,0.0,0.0,0.0,0.0,0.0,0.0,0.0,0.0,0.0,0.0,0.0,0.0,0.0,0.0,0.0,0.0,0.0,0.0,0.0,0.0,0.0,0.0,0.0,0.0,0.0,0.0,0.0,0.0,0.0,0.0,0.0,0.0,0.0,0.0,0.0,0.0,0.0,0.0,0.0,0.0,0.0,0.0,0.0,0.0,0.0,0.0,0.0,0.0,0.0,0.0,0.0,0.0,0.0,0.0,0.0,0.0,0.0,0.0,0.0,0.0,0.0,0.0,0.0,0.0,0.0,0.0,0.0,0.0,0.0,0.0,0.0,0.0,0.0,Defined Synthetic Media,Lactate + Acetate
Brodowski_2022,SRR18962129,R3,Batch,6,0.0,,,67.0,58.0,,93.0,,4.0,,3.0,,,,,,,,5.5,30,,,32677.0,0.0,0.0,0.0,0.0,0.0,155.0,1464.0,0.0,140.0,0.0,1103.0,0.0,0.0,0.0,0.0,214.0,0.0,318.0,0.0,0.0,61.0,0.0,3660.0,64.0,0.0,68.0,0.0,0.0,0.0,0.0,0.0,0.0,0.0,0.0,12.0,25.0,0.0,45.0,0.0,0.0,0.0,0.0,0.0,0.0,1505.0,15.0,0.0,0.0,0.0,2163.0,0.0,48.0,0.0,0.0,0.0,0.0,0.0,0.0,0.0,0.0,0.0,627.0,42.0,237,0.0,0.0,0.0,0.0,0.0,0.0,0.0,0.0,0.0,0.0,0.0,0.0,0.0,0.0,0.0,0.0,0.0,0.0,0.0,0.0,0.0,0.0,0.0,0.0,0.0,0.0,0.0,0.0,0.0,0.0,0.0,0.0,0.0,0.0,0.0,0.0,0.0,0.0,0.0,0.0,0.0,0.0,0.0,0.0,0.0,0.0,0.0,0.0,0.0,0.0,0.0,0.0,0.0,0.0,0.0,0.0,0.0,0.0,0.0,0.0,0.0,0.0,0.0,0.0,0.0,0.0,0.0,0.0,0.0,0.0,0.0,0.0,0.0,0.0,0.0,0.0,0.0,0.0,0.0,0.0,0.0,0.0,0.0,0.0,0.0,0.0,0.0,0.0,0.0,0.0,0.0,0.0,0.0,0.0,0.0,0.0,0.0,0.0,0.0,0.0,0.0,0.0,0.0,0.0,0.0,Defined Synthetic Media,Lactate + Acetate
Brodowski_2022,SRR18962128,R4,Batch,6,0.0,,,42.0,100.0,,65.0,,8.0,,4.0,,,,,,,,5.5,30,,,5389.0,0.0,0.0,0.0,0.0,0.0,108.0,107.0,0.0,39.0,0.0,202.0,14.0,0.0,0.0,0.0,56.0,26.0,229.0,0.0,0.0,548.0,0.0,2116.0,0.0,0.0,80.0,0.0,0.0,0.0,0.0,0.0,0.0,0.0,0.0,15.0,10.0,0.0,0.0,0.0,11.0,0.0,0.0,0.0,0.0,981.0,0.0,0.0,0.0,0.0,693.0,0.0,12.0,0.0,0.0,0.0,0.0,0.0,0.0,0.0,0.0,0.0,1507.0,0.0,576,0.0,0.0,0.0,0.0,0.0,0.0,0.0,0.0,0.0,0.0,0.0,0.0,0.0,0.0,0.0,0.0,0.0,0.0,0.0,0.0,0.0,0.0,0.0,0.0,0.0,0.0,0.0,0.0,0.0,0.0,0.0,0.0,0.0,0.0,0.0,0.0,0.0,0.0,0.0,0.0,0.0,0.0,0.0,0.0,0.0,0.0,0.0,0.0,0.0,0.0,0.0,0.0,0.0,0.0,0.0,0.0,0.0,0.0,0.0,0.0,0.0,0.0,0.0,0.0,0.0,0.0,0.0,0.0,0.0,0.0,0.0,0.0,0.0,0.0,0.0,0.0,0.0,0.0,0.0,0.0,0.0,0.0,0.0,0.0,0.0,0.0,0.0,0.0,0.0,0.0,0.0,0.0,0.0,0.0,0.0,0.0,0.0,0.0,0.0,0.0,0.0,0.0,0.0,0.0,0.0,Defined Synthetic Media,Lactate + Acetate
Brodowski_2022,SRR18962127,B1,CSTR,0,97.0,,,55.0,0.0,0.0,0.0,0.0,0.0,0.0,0.0,0.0,1.0,0.0,,0.0,,0.0,5.5,30,5.0,,96.0,38.0,0.0,2052.0,0.0,0.0,0.0,0.0,0.0,5225.0,0.0,11.0,0.0,0.0,11.0,0.0,1436.0,0.0,1270.0,0.0,0.0,933.0,64.0,153.0,0.0,0.0,0.0,0.0,0.0,0.0,0.0,0.0,0.0,15.0,0.0,83.0,12754.0,62.0,0.0,0.0,0.0,0.0,0.0,0.0,0.0,154.0,130.0,0.0,0.0,0.0,1846.0,0.0,31.0,0.0,0.0,0.0,0.0,0.0,26.0,0.0,0.0,0.0,0.0,0.0,923,0.0,0.0,0.0,0.0,0.0,0.0,0.0,0.0,0.0,0.0,0.0,0.0,0.0,0.0,0.0,0.0,0.0,0.0,0.0,0.0,0.0,0.0,0.0,0.0,0.0,0.0,0.0,0.0,0.0,0.0,0.0,0.0,0.0,0.0,0.0,0.0,0.0,0.0,0.0,0.0,0.0,0.0,0.0,0.0,0.0,0.0,0.0,0.0,0.0,0.0,0.0,0.0,0.0,0.0,0.0,0.0,0.0,0.0,0.0,0.0,0.0,0.0,0.0,0.0,0.0,0.0,0.0,0.0,0.0,0.0,0.0,0.0,0.0,0.0,0.0,0.0,0.0,0.0,0.0,0.0,0.0,0.0,0.0,0.0,0.0,0.0,0.0,0.0,0.0,0.0,0.0,0.0,0.0,0.0,0.0,0.0,0.0,0.0,0.0,0.0,0.0,0.0,0.0,0.0,0.0,Defined Synthetic Media,Lactate + Acetate
Brodowski_2022,SRR18962127,B2,CSTR,0,100.0,,,0.0,0.0,0.0,0.0,0.0,0.0,0.0,0.0,0.0,1.0,0.0,,0.0,,0.0,5.5,30,5.0,,96.0,38.0,0.0,2052.0,0.0,0.0,0.0,0.0,0.0,5225.0,0.0,11.0,0.0,0.0,11.0,0.0,1436.0,0.0,1270.0,0.0,0.0,933.0,64.0,153.0,0.0,0.0,0.0,0.0,0.0,0.0,0.0,0.0,0.0,15.0,0.0,83.0,12754.0,62.0,0.0,0.0,0.0,0.0,0.0,0.0,0.0,154.0,130.0,0.0,0.0,0.0,1846.0,0.0,31.0,0.0,0.0,0.0,0.0,0.0,26.0,0.0,0.0,0.0,0.0,0.0,923,0.0,0.0,0.0,0.0,0.0,0.0,0.0,0.0,0.0,0.0,0.0,0.0,0.0,0.0,0.0,0.0,0.0,0.0,0.0,0.0,0.0,0.0,0.0,0.0,0.0,0.0,0.0,0.0,0.0,0.0,0.0,0.0,0.0,0.0,0.0,0.0,0.0,0.0,0.0,0.0,0.0,0.0,0.0,0.0,0.0,0.0,0.0,0.0,0.0,0.0,0.0,0.0,0.0,0.0,0.0,0.0,0.0,0.0,0.0,0.0,0.0,0.0,0.0,0.0,0.0,0.0,0.0,0.0,0.0,0.0,0.0,0.0,0.0,0.0,0.0,0.0,0.0,0.0,0.0,0.0,0.0,0.0,0.0,0.0,0.0,0.0,0.0,0.0,0.0,0.0,0.0,0.0,0.0,0.0,0.0,0.0,0.0,0.0,0.0,0.0,0.0,0.0,0.0,0.0,0.0,Defined Synthetic Media,Lactate + Acetate
Brodowski_2022,SRR18962135,B2,CSTR,27,7.0,,,365.0,1.0,1.0,90.0,1.0,0.0,0.0,125.0,0.0,1.0,0.0,,0.0,,0.0,5.5,30,5.0,,300.0,1878.0,2368.0,117.0,0.0,0.0,136.0,0.0,9.0,18.0,0.0,16.0,0.0,206.0,100.0,45.0,27903.0,0.0,0.0,0.0,0.0,407.0,0.0,0.0,0.0,92.0,0.0,0.0,0.0,0.0,0.0,0.0,0.0,105.0,0.0,0.0,0.0,0.0,0.0,0.0,578.0,0.0,0.0,0.0,73.0,1527.0,221.0,3.0,0.0,0.0,480.0,0.0,2251.0,0.0,0.0,0.0,11.0,0.0,79.0,0.0,0.0,0.0,0.0,3374.0,3712,0.0,0.0,0.0,0.0,0.0,0.0,0.0,0.0,0.0,0.0,0.0,0.0,0.0,0.0,0.0,0.0,0.0,0.0,0.0,0.0,0.0,0.0,0.0,0.0,0.0,0.0,0.0,0.0,0.0,0.0,0.0,0.0,0.0,0.0,0.0,0.0,0.0,0.0,0.0,0.0,0.0,0.0,0.0,0.0,0.0,0.0,0.0,0.0,0.0,0.0,0.0,0.0,0.0,0.0,0.0,0.0,0.0,0.0,0.0,0.0,0.0,0.0,0.0,0.0,0.0,0.0,0.0,0.0,0.0,0.0,0.0,0.0,0.0,0.0,0.0,0.0,0.0,0.0,0.0,0.0,0.0,0.0,0.0,0.0,0.0,0.0,0.0,0.0,0.0,0.0,0.0,0.0,0.0,0.0,0.0,0.0,0.0,0.0,0.0,0.0,0.0,0.0,0.0,0.0,0.0,Defined Synthetic Media,Lactate + Acetate
Brodowski_2022,SRR18962134,B2,CSTR,39,7.0,,,407.0,1.0,1.0,91.0,2.0,1.0,0.0,140.0,0.0,1.0,0.0,,0.0,,0.0,5.5,30,5.0,,296.0,2196.0,1502.0,79.0,0.0,16.0,434.0,0.0,40.0,0.0,0.0,51.0,0.0,270.0,88.0,0.0,20725.0,0.0,0.0,0.0,0.0,481.0,0.0,0.0,25.0,129.0,0.0,0.0,0.0,0.0,0.0,0.0,0.0,44.0,0.0,0.0,0.0,0.0,0.0,0.0,1197.0,0.0,0.0,0.0,116.0,1147.0,692.0,5.0,0.0,0.0,1834.0,0.0,2136.0,0.0,0.0,0.0,0.0,0.0,176.0,0.0,0.0,0.0,0.0,3024.0,872,0.0,0.0,0.0,0.0,0.0,0.0,0.0,0.0,0.0,0.0,0.0,0.0,0.0,0.0,0.0,0.0,0.0,0.0,0.0,0.0,0.0,0.0,0.0,0.0,0.0,0.0,0.0,0.0,0.0,0.0,0.0,0.0,0.0,0.0,0.0,0.0,0.0,0.0,0.0,0.0,0.0,0.0,0.0,0.0,0.0,0.0,0.0,0.0,0.0,0.0,0.0,0.0,0.0,0.0,0.0,0.0,0.0,0.0,0.0,0.0,0.0,0.0,0.0,0.0,0.0,0.0,0.0,0.0,0.0,0.0,0.0,0.0,0.0,0.0,0.0,0.0,0.0,0.0,0.0,0.0,0.0,0.0,0.0,0.0,0.0,0.0,0.0,0.0,0.0,0.0,0.0,0.0,0.0,0.0,0.0,0.0,0.0,0.0,0.0,0.0,0.0,0.0,0.0,0.0,0.0,Defined Synthetic Media,Lactate + Acetate
Brodowski_2022,SRR18962133,B2,CSTR,52,8.0,,,430.0,0.0,1.0,71.0,1.0,0.0,0.0,153.0,0.0,0.0,0.0,,0.0,,0.0,5.5,30,5.0,,665.0,482.0,5814.0,86.0,0.0,0.0,146.0,0.0,0.0,0.0,0.0,10.0,0.0,33.0,35.0,31.0,19579.0,0.0,21.0,0.0,0.0,142.0,0.0,0.0,0.0,48.0,0.0,0.0,0.0,0.0,0.0,0.0,0.0,0.0,0.0,0.0,0.0,0.0,0.0,0.0,1313.0,0.0,0.0,0.0,107.0,680.0,39.0,0.0,0.0,0.0,2990.0,0.0,4142.0,43.0,0.0,0.0,14.0,0.0,67.0,0.0,0.0,0.0,0.0,4650.0,201,0.0,0.0,0.0,0.0,0.0,0.0,0.0,0.0,0.0,0.0,0.0,0.0,0.0,0.0,0.0,0.0,0.0,0.0,0.0,0.0,0.0,0.0,0.0,0.0,0.0,0.0,0.0,0.0,0.0,0.0,0.0,0.0,0.0,0.0,0.0,0.0,0.0,0.0,0.0,0.0,0.0,0.0,0.0,0.0,0.0,0.0,0.0,0.0,0.0,0.0,0.0,0.0,0.0,0.0,0.0,0.0,0.0,0.0,0.0,0.0,0.0,0.0,0.0,0.0,0.0,0.0,0.0,0.0,0.0,0.0,0.0,0.0,0.0,0.0,0.0,0.0,0.0,0.0,0.0,0.0,0.0,0.0,0.0,0.0,0.0,0.0,0.0,0.0,0.0,0.0,0.0,0.0,0.0,0.0,0.0,0.0,0.0,0.0,0.0,0.0,0.0,0.0,0.0,0.0,0.0,Defined Synthetic Media,Lactate + Acetate
Brodowski_2022,SRR18962132,B2,CSTR,65,4.0,,,358.0,1.0,1.0,76.0,1.0,1.0,0.0,136.0,0.0,0.0,0.0,,0.0,,0.0,5.5,30,5.0,,4647.0,438.0,6049.0,793.0,0.0,0.0,74.0,0.0,0.0,0.0,0.0,23.0,0.0,56.0,101.0,0.0,15094.0,0.0,0.0,0.0,0.0,3739.0,459.0,0.0,11.0,31.0,0.0,0.0,0.0,0.0,0.0,0.0,0.0,0.0,0.0,0.0,0.0,0.0,0.0,0.0,746.0,0.0,0.0,0.0,111.0,359.0,0.0,3.0,0.0,0.0,5568.0,0.0,2457.0,41.0,0.0,0.0,0.0,0.0,25.0,0.0,0.0,0.0,0.0,1904.0,1019,0.0,0.0,0.0,0.0,0.0,0.0,0.0,0.0,0.0,0.0,0.0,0.0,0.0,0.0,0.0,0.0,0.0,0.0,0.0,0.0,0.0,0.0,0.0,0.0,0.0,0.0,0.0,0.0,0.0,0.0,0.0,0.0,0.0,0.0,0.0,0.0,0.0,0.0,0.0,0.0,0.0,0.0,0.0,0.0,0.0,0.0,0.0,0.0,0.0,0.0,0.0,0.0,0.0,0.0,0.0,0.0,0.0,0.0,0.0,0.0,0.0,0.0,0.0,0.0,0.0,0.0,0.0,0.0,0.0,0.0,0.0,0.0,0.0,0.0,0.0,0.0,0.0,0.0,0.0,0.0,0.0,0.0,0.0,0.0,0.0,0.0,0.0,0.0,0.0,0.0,0.0,0.0,0.0,0.0,0.0,0.0,0.0,0.0,0.0,0.0,0.0,0.0,0.0,0.0,0.0,Defined Synthetic Media,Lactate + Acetate
Brodowski_2022,SRR18962136,B1,CSTR,65,4.0,,,391.0,0.0,1.0,120.0,1.0,0.0,0.0,118.0,0.0,0.0,0.0,,0.0,,0.0,5.5,30,5.0,,590.0,534.0,7127.0,14.0,0.0,37.0,257.0,0.0,0.0,0.0,0.0,23.0,0.0,139.0,45.0,0.0,38318.0,0.0,0.0,0.0,0.0,968.0,0.0,0.0,25.0,115.0,0.0,0.0,0.0,0.0,0.0,0.0,0.0,15.0,0.0,0.0,0.0,0.0,0.0,444.0,866.0,0.0,0.0,0.0,70.0,1492.0,112.0,0.0,0.0,0.0,820.0,0.0,1886.0,147.0,0.0,0.0,0.0,0.0,108.0,0.0,0.0,0.0,0.0,2026.0,449,0.0,0.0,0.0,0.0,0.0,0.0,0.0,0.0,0.0,0.0,0.0,0.0,0.0,0.0,0.0,0.0,0.0,0.0,0.0,0.0,0.0,0.0,0.0,0.0,0.0,0.0,0.0,0.0,0.0,0.0,0.0,0.0,0.0,0.0,0.0,0.0,0.0,0.0,0.0,0.0,0.0,0.0,0.0,0.0,0.0,0.0,0.0,0.0,0.0,0.0,0.0,0.0,0.0,0.0,0.0,0.0,0.0,0.0,0.0,0.0,0.0,0.0,0.0,0.0,0.0,0.0,0.0,0.0,0.0,0.0,0.0,0.0,0.0,0.0,0.0,0.0,0.0,0.0,0.0,0.0,0.0,0.0,0.0,0.0,0.0,0.0,0.0,0.0,0.0,0.0,0.0,0.0,0.0,0.0,0.0,0.0,0.0,0.0,0.0,0.0,0.0,0.0,0.0,0.0,0.0,Defined Synthetic Media,Lactate + Acetate
Duber_2022,SRR18079370,R1,Batch,0,0.0,,,0.0,0.0,,0.0,,0.0,,0.0,,,0.0,,,,,7.5,30,,,0.0,0.0,0.0,1019.0,0.0,0.0,0.0,0.0,0.0,2375.0,0.0,43.0,10630.0,0.0,0.0,0.0,1098.0,0.0,0.0,0.0,0.0,1227.0,111.0,0.0,0.0,0.0,605.0,375.0,10.0,0.0,31.0,0.0,0.0,0.0,0.0,0.0,3208.0,1064.0,316.0,0.0,0.0,89.0,0.0,236.0,0.0,0.0,0.0,0.0,127.0,0.0,44.0,53.0,239.0,0.0,0.0,1902.0,0.0,25.0,0.0,265.0,0.0,0.0,0.0,17.0,517,0.0,0.0,0.0,0.0,0.0,0.0,0.0,0.0,0.0,0.0,0.0,0.0,0.0,0.0,0.0,0.0,0.0,0.0,0.0,0.0,0.0,0.0,0.0,0.0,0.0,0.0,0.0,0.0,0.0,0.0,0.0,0.0,0.0,0.0,0.0,0.0,0.0,0.0,0.0,0.0,0.0,0.0,0.0,0.0,0.0,0.0,0.0,0.0,0.0,0.0,0.0,0.0,0.0,0.0,0.0,0.0,0.0,0.0,0.0,0.0,0.0,0.0,0.0,0.0,0.0,0.0,0.0,0.0,0.0,0.0,0.0,0.0,0.0,0.0,0.0,0.0,0.0,0.0,0.0,0.0,0.0,0.0,0.0,0.0,0.0,0.0,0.0,0.0,0.0,0.0,0.0,0.0,0.0,0.0,0.0,0.0,0.0,0.0,0.0,0.0,0.0,0.0,0.0,0.0,0.0,Defined Synthetic Media,Lactate + Lactose
Duber_2022,SRR18079370,R2,Batch,0,0.0,,,0.0,0.0,,0.0,,0.0,,0.0,,,0.0,,,,,7.5,30,,,0.0,0.0,0.0,1019.0,0.0,0.0,0.0,0.0,0.0,2375.0,0.0,43.0,10630.0,0.0,0.0,0.0,1098.0,0.0,0.0,0.0,0.0,1227.0,111.0,0.0,0.0,0.0,605.0,375.0,10.0,0.0,31.0,0.0,0.0,0.0,0.0,0.0,3208.0,1064.0,316.0,0.0,0.0,89.0,0.0,236.0,0.0,0.0,0.0,0.0,127.0,0.0,44.0,53.0,239.0,0.0,0.0,1902.0,0.0,25.0,0.0,265.0,0.0,0.0,0.0,17.0,517,0.0,0.0,0.0,0.0,0.0,0.0,0.0,0.0,0.0,0.0,0.0,0.0,0.0,0.0,0.0,0.0,0.0,0.0,0.0,0.0,0.0,0.0,0.0,0.0,0.0,0.0,0.0,0.0,0.0,0.0,0.0,0.0,0.0,0.0,0.0,0.0,0.0,0.0,0.0,0.0,0.0,0.0,0.0,0.0,0.0,0.0,0.0,0.0,0.0,0.0,0.0,0.0,0.0,0.0,0.0,0.0,0.0,0.0,0.0,0.0,0.0,0.0,0.0,0.0,0.0,0.0,0.0,0.0,0.0,0.0,0.0,0.0,0.0,0.0,0.0,0.0,0.0,0.0,0.0,0.0,0.0,0.0,0.0,0.0,0.0,0.0,0.0,0.0,0.0,0.0,0.0,0.0,0.0,0.0,0.0,0.0,0.0,0.0,0.0,0.0,0.0,0.0,0.0,0.0,0.0,Defined Synthetic Media,Lactate + Lactose
Duber_2022,SRR18079370,R3,Batch,0,0.0,,,0.0,0.0,,0.0,,0.0,,0.0,,,0.0,,,,,7.5,30,,,0.0,0.0,0.0,1019.0,0.0,0.0,0.0,0.0,0.0,2375.0,0.0,43.0,10630.0,0.0,0.0,0.0,1098.0,0.0,0.0,0.0,0.0,1227.0,111.0,0.0,0.0,0.0,605.0,375.0,10.0,0.0,31.0,0.0,0.0,0.0,0.0,0.0,3208.0,1064.0,316.0,0.0,0.0,89.0,0.0,236.0,0.0,0.0,0.0,0.0,127.0,0.0,44.0,53.0,239.0,0.0,0.0,1902.0,0.0,25.0,0.0,265.0,0.0,0.0,0.0,17.0,517,0.0,0.0,0.0,0.0,0.0,0.0,0.0,0.0,0.0,0.0,0.0,0.0,0.0,0.0,0.0,0.0,0.0,0.0,0.0,0.0,0.0,0.0,0.0,0.0,0.0,0.0,0.0,0.0,0.0,0.0,0.0,0.0,0.0,0.0,0.0,0.0,0.0,0.0,0.0,0.0,0.0,0.0,0.0,0.0,0.0,0.0,0.0,0.0,0.0,0.0,0.0,0.0,0.0,0.0,0.0,0.0,0.0,0.0,0.0,0.0,0.0,0.0,0.0,0.0,0.0,0.0,0.0,0.0,0.0,0.0,0.0,0.0,0.0,0.0,0.0,0.0,0.0,0.0,0.0,0.0,0.0,0.0,0.0,0.0,0.0,0.0,0.0,0.0,0.0,0.0,0.0,0.0,0.0,0.0,0.0,0.0,0.0,0.0,0.0,0.0,0.0,0.0,0.0,0.0,0.0,Defined Synthetic Media,Lactate + Lactose
Duber_2022,SRR18079370,R4,Batch,0,0.0,,,0.0,0.0,,0.0,,0.0,,0.0,,,0.0,,,,,7.5,30,,,0.0,0.0,0.0,1019.0,0.0,0.0,0.0,0.0,0.0,2375.0,0.0,43.0,10630.0,0.0,0.0,0.0,1098.0,0.0,0.0,0.0,0.0,1227.0,111.0,0.0,0.0,0.0,605.0,375.0,10.0,0.0,31.0,0.0,0.0,0.0,0.0,0.0,3208.0,1064.0,316.0,0.0,0.0,89.0,0.0,236.0,0.0,0.0,0.0,0.0,127.0,0.0,44.0,53.0,239.0,0.0,0.0,1902.0,0.0,25.0,0.0,265.0,0.0,0.0,0.0,17.0,517,0.0,0.0,0.0,0.0,0.0,0.0,0.0,0.0,0.0,0.0,0.0,0.0,0.0,0.0,0.0,0.0,0.0,0.0,0.0,0.0,0.0,0.0,0.0,0.0,0.0,0.0,0.0,0.0,0.0,0.0,0.0,0.0,0.0,0.0,0.0,0.0,0.0,0.0,0.0,0.0,0.0,0.0,0.0,0.0,0.0,0.0,0.0,0.0,0.0,0.0,0.0,0.0,0.0,0.0,0.0,0.0,0.0,0.0,0.0,0.0,0.0,0.0,0.0,0.0,0.0,0.0,0.0,0.0,0.0,0.0,0.0,0.0,0.0,0.0,0.0,0.0,0.0,0.0,0.0,0.0,0.0,0.0,0.0,0.0,0.0,0.0,0.0,0.0,0.0,0.0,0.0,0.0,0.0,0.0,0.0,0.0,0.0,0.0,0.0,0.0,0.0,0.0,0.0,0.0,0.0,Defined Synthetic Media,Ethanol + Lactose
Duber_2022,SRR18079370,R5,Batch,0,0.0,,,0.0,0.0,,0.0,,0.0,,0.0,,,0.0,,,,,7.5,30,,,0.0,0.0,0.0,1019.0,0.0,0.0,0.0,0.0,0.0,2375.0,0.0,43.0,10630.0,0.0,0.0,0.0,1098.0,0.0,0.0,0.0,0.0,1227.0,111.0,0.0,0.0,0.0,605.0,375.0,10.0,0.0,31.0,0.0,0.0,0.0,0.0,0.0,3208.0,1064.0,316.0,0.0,0.0,89.0,0.0,236.0,0.0,0.0,0.0,0.0,127.0,0.0,44.0,53.0,239.0,0.0,0.0,1902.0,0.0,25.0,0.0,265.0,0.0,0.0,0.0,17.0,517,0.0,0.0,0.0,0.0,0.0,0.0,0.0,0.0,0.0,0.0,0.0,0.0,0.0,0.0,0.0,0.0,0.0,0.0,0.0,0.0,0.0,0.0,0.0,0.0,0.0,0.0,0.0,0.0,0.0,0.0,0.0,0.0,0.0,0.0,0.0,0.0,0.0,0.0,0.0,0.0,0.0,0.0,0.0,0.0,0.0,0.0,0.0,0.0,0.0,0.0,0.0,0.0,0.0,0.0,0.0,0.0,0.0,0.0,0.0,0.0,0.0,0.0,0.0,0.0,0.0,0.0,0.0,0.0,0.0,0.0,0.0,0.0,0.0,0.0,0.0,0.0,0.0,0.0,0.0,0.0,0.0,0.0,0.0,0.0,0.0,0.0,0.0,0.0,0.0,0.0,0.0,0.0,0.0,0.0,0.0,0.0,0.0,0.0,0.0,0.0,0.0,0.0,0.0,0.0,0.0,Defined Synthetic Media,Ethanol + Lactose
Duber_2022,SRR18079370,R6,Batch,0,0.0,,,0.0,0.0,,0.0,,0.0,,0.0,,,0.0,,,,,7.5,30,,,0.0,0.0,0.0,1019.0,0.0,0.0,0.0,0.0,0.0,2375.0,0.0,43.0,10630.0,0.0,0.0,0.0,1098.0,0.0,0.0,0.0,0.0,1227.0,111.0,0.0,0.0,0.0,605.0,375.0,10.0,0.0,31.0,0.0,0.0,0.0,0.0,0.0,3208.0,1064.0,316.0,0.0,0.0,89.0,0.0,236.0,0.0,0.0,0.0,0.0,127.0,0.0,44.0,53.0,239.0,0.0,0.0,1902.0,0.0,25.0,0.0,265.0,0.0,0.0,0.0,17.0,517,0.0,0.0,0.0,0.0,0.0,0.0,0.0,0.0,0.0,0.0,0.0,0.0,0.0,0.0,0.0,0.0,0.0,0.0,0.0,0.0,0.0,0.0,0.0,0.0,0.0,0.0,0.0,0.0,0.0,0.0,0.0,0.0,0.0,0.0,0.0,0.0,0.0,0.0,0.0,0.0,0.0,0.0,0.0,0.0,0.0,0.0,0.0,0.0,0.0,0.0,0.0,0.0,0.0,0.0,0.0,0.0,0.0,0.0,0.0,0.0,0.0,0.0,0.0,0.0,0.0,0.0,0.0,0.0,0.0,0.0,0.0,0.0,0.0,0.0,0.0,0.0,0.0,0.0,0.0,0.0,0.0,0.0,0.0,0.0,0.0,0.0,0.0,0.0,0.0,0.0,0.0,0.0,0.0,0.0,0.0,0.0,0.0,0.0,0.0,0.0,0.0,0.0,0.0,0.0,0.0,Defined Synthetic Media,Ethanol + Lactose
Duber_2022,SRR18079370,R7,Batch,0,0.0,,,0.0,0.0,,0.0,,0.0,,0.0,,,0.0,,,,,7.5,30,,,0.0,0.0,0.0,1019.0,0.0,0.0,0.0,0.0,0.0,2375.0,0.0,43.0,10630.0,0.0,0.0,0.0,1098.0,0.0,0.0,0.0,0.0,1227.0,111.0,0.0,0.0,0.0,605.0,375.0,10.0,0.0,31.0,0.0,0.0,0.0,0.0,0.0,3208.0,1064.0,316.0,0.0,0.0,89.0,0.0,236.0,0.0,0.0,0.0,0.0,127.0,0.0,44.0,53.0,239.0,0.0,0.0,1902.0,0.0,25.0,0.0,265.0,0.0,0.0,0.0,17.0,517,0.0,0.0,0.0,0.0,0.0,0.0,0.0,0.0,0.0,0.0,0.0,0.0,0.0,0.0,0.0,0.0,0.0,0.0,0.0,0.0,0.0,0.0,0.0,0.0,0.0,0.0,0.0,0.0,0.0,0.0,0.0,0.0,0.0,0.0,0.0,0.0,0.0,0.0,0.0,0.0,0.0,0.0,0.0,0.0,0.0,0.0,0.0,0.0,0.0,0.0,0.0,0.0,0.0,0.0,0.0,0.0,0.0,0.0,0.0,0.0,0.0,0.0,0.0,0.0,0.0,0.0,0.0,0.0,0.0,0.0,0.0,0.0,0.0,0.0,0.0,0.0,0.0,0.0,0.0,0.0,0.0,0.0,0.0,0.0,0.0,0.0,0.0,0.0,0.0,0.0,0.0,0.0,0.0,0.0,0.0,0.0,0.0,0.0,0.0,0.0,0.0,0.0,0.0,0.0,0.0,Defined Synthetic Media,Lactate + Ethanol + Lactose
Duber_2022,SRR18079370,R8,Batch,0,0.0,,,0.0,0.0,,0.0,,0.0,,0.0,,,0.0,,,,,7.5,30,,,0.0,0.0,0.0,1019.0,0.0,0.0,0.0,0.0,0.0,2375.0,0.0,43.0,10630.0,0.0,0.0,0.0,1098.0,0.0,0.0,0.0,0.0,1227.0,111.0,0.0,0.0,0.0,605.0,375.0,10.0,0.0,31.0,0.0,0.0,0.0,0.0,0.0,3208.0,1064.0,316.0,0.0,0.0,89.0,0.0,236.0,0.0,0.0,0.0,0.0,127.0,0.0,44.0,53.0,239.0,0.0,0.0,1902.0,0.0,25.0,0.0,265.0,0.0,0.0,0.0,17.0,517,0.0,0.0,0.0,0.0,0.0,0.0,0.0,0.0,0.0,0.0,0.0,0.0,0.0,0.0,0.0,0.0,0.0,0.0,0.0,0.0,0.0,0.0,0.0,0.0,0.0,0.0,0.0,0.0,0.0,0.0,0.0,0.0,0.0,0.0,0.0,0.0,0.0,0.0,0.0,0.0,0.0,0.0,0.0,0.0,0.0,0.0,0.0,0.0,0.0,0.0,0.0,0.0,0.0,0.0,0.0,0.0,0.0,0.0,0.0,0.0,0.0,0.0,0.0,0.0,0.0,0.0,0.0,0.0,0.0,0.0,0.0,0.0,0.0,0.0,0.0,0.0,0.0,0.0,0.0,0.0,0.0,0.0,0.0,0.0,0.0,0.0,0.0,0.0,0.0,0.0,0.0,0.0,0.0,0.0,0.0,0.0,0.0,0.0,0.0,0.0,0.0,0.0,0.0,0.0,0.0,Defined Synthetic Media,Lactate + Ethanol + Lactose
Duber_2022,SRR18079370,R9,Batch,0,0.0,,,0.0,0.0,,0.0,,0.0,,0.0,,,0.0,,,,,7.5,30,,,0.0,0.0,0.0,1019.0,0.0,0.0,0.0,0.0,0.0,2375.0,0.0,43.0,10630.0,0.0,0.0,0.0,1098.0,0.0,0.0,0.0,0.0,1227.0,111.0,0.0,0.0,0.0,605.0,375.0,10.0,0.0,31.0,0.0,0.0,0.0,0.0,0.0,3208.0,1064.0,316.0,0.0,0.0,89.0,0.0,236.0,0.0,0.0,0.0,0.0,127.0,0.0,44.0,53.0,239.0,0.0,0.0,1902.0,0.0,25.0,0.0,265.0,0.0,0.0,0.0,17.0,517,0.0,0.0,0.0,0.0,0.0,0.0,0.0,0.0,0.0,0.0,0.0,0.0,0.0,0.0,0.0,0.0,0.0,0.0,0.0,0.0,0.0,0.0,0.0,0.0,0.0,0.0,0.0,0.0,0.0,0.0,0.0,0.0,0.0,0.0,0.0,0.0,0.0,0.0,0.0,0.0,0.0,0.0,0.0,0.0,0.0,0.0,0.0,0.0,0.0,0.0,0.0,0.0,0.0,0.0,0.0,0.0,0.0,0.0,0.0,0.0,0.0,0.0,0.0,0.0,0.0,0.0,0.0,0.0,0.0,0.0,0.0,0.0,0.0,0.0,0.0,0.0,0.0,0.0,0.0,0.0,0.0,0.0,0.0,0.0,0.0,0.0,0.0,0.0,0.0,0.0,0.0,0.0,0.0,0.0,0.0,0.0,0.0,0.0,0.0,0.0,0.0,0.0,0.0,0.0,0.0,Defined Synthetic Media,Lactate + Ethanol + Lactose
Duber_2022,SRR18079352,R1,Batch,22,0.67,,,38.33,44.6,,61.36,,16.67,,28.97,,,0.0,,,,,6.53,30,,,0.0,90.0,0.0,271.0,5003.0,0.0,134.0,0.0,0.0,106.0,0.0,160.0,879.0,0.0,0.0,0.0,376.0,0.0,5033.0,0.0,0.0,106.0,0.0,79.0,0.0,0.0,0.0,325.0,0.0,0.0,0.0,0.0,0.0,0.0,0.0,0.0,0.0,0.0,0.0,3032.0,0.0,0.0,0.0,34.0,0.0,188.0,137.0,0.0,0.0,0.0,1332.0,0.0,195.0,0.0,0.0,0.0,0.0,0.0,2278.0,0.0,0.0,418.0,0.0,0.0,1957,0.0,0.0,0.0,0.0,0.0,0.0,0.0,0.0,0.0,0.0,0.0,0.0,0.0,0.0,0.0,0.0,0.0,0.0,0.0,0.0,0.0,0.0,0.0,0.0,0.0,0.0,0.0,0.0,0.0,0.0,0.0,0.0,0.0,0.0,0.0,0.0,0.0,0.0,0.0,0.0,0.0,0.0,0.0,0.0,0.0,0.0,0.0,0.0,0.0,0.0,0.0,0.0,0.0,0.0,0.0,0.0,0.0,0.0,0.0,0.0,0.0,0.0,0.0,0.0,0.0,0.0,0.0,0.0,0.0,0.0,0.0,0.0,0.0,0.0,0.0,0.0,0.0,0.0,0.0,0.0,0.0,0.0,0.0,0.0,0.0,0.0,0.0,0.0,0.0,0.0,0.0,0.0,0.0,0.0,0.0,0.0,0.0,0.0,0.0,0.0,0.0,0.0,0.0,0.0,0.0,Defined Synthetic Media,Lactate + Lactose
Duber_2022,SRR18079368,R1,Batch,22,0.0,,,42.67,46.62,,64.09,,18.14,,25.35,,,0.0,,,,,6.71,30,,,0.0,20.0,0.0,0.0,1221.0,0.0,393.0,0.0,0.0,97.0,0.0,258.0,445.0,0.0,0.0,0.0,361.0,0.0,1824.0,0.0,0.0,0.0,0.0,0.0,0.0,0.0,0.0,246.0,0.0,0.0,0.0,0.0,0.0,0.0,0.0,0.0,0.0,0.0,0.0,540.0,0.0,0.0,0.0,24.0,0.0,75.0,0.0,0.0,0.0,0.0,1740.0,0.0,99.0,0.0,0.0,0.0,0.0,0.0,2021.0,0.0,0.0,110.0,0.0,0.0,904,0.0,0.0,0.0,0.0,0.0,0.0,0.0,0.0,0.0,0.0,0.0,0.0,0.0,0.0,0.0,0.0,0.0,0.0,0.0,0.0,0.0,0.0,0.0,0.0,0.0,0.0,0.0,0.0,0.0,0.0,0.0,0.0,0.0,0.0,0.0,0.0,0.0,0.0,0.0,0.0,0.0,0.0,0.0,0.0,0.0,0.0,0.0,0.0,0.0,0.0,0.0,0.0,0.0,0.0,0.0,0.0,0.0,0.0,0.0,0.0,0.0,0.0,0.0,0.0,0.0,0.0,0.0,0.0,0.0,0.0,0.0,0.0,0.0,0.0,0.0,0.0,0.0,0.0,0.0,0.0,0.0,0.0,0.0,0.0,0.0,0.0,0.0,0.0,0.0,0.0,0.0,0.0,0.0,0.0,0.0,0.0,0.0,0.0,0.0,0.0,0.0,0.0,0.0,0.0,0.0,Defined Synthetic Media,Lactate + Lactose
Duber_2022,SRR18079358,R2,Batch,22,178.33,,,22.67,6.49,,11.82,,0.49,,6.21,,,0.0,,,,,4.25,30,,,0.0,0.0,0.0,75.0,928.0,0.0,0.0,0.0,0.0,79.0,0.0,0.0,201.0,0.0,0.0,0.0,89.0,0.0,0.0,0.0,0.0,22.0,0.0,0.0,0.0,0.0,66.0,36.0,0.0,0.0,0.0,0.0,0.0,0.0,0.0,130.0,0.0,0.0,0.0,96.0,0.0,0.0,0.0,0.0,0.0,0.0,0.0,0.0,0.0,0.0,1041.0,0.0,5451.0,0.0,0.0,433.0,0.0,0.0,35.0,0.0,0.0,58.0,0.0,0.0,15,0.0,0.0,0.0,0.0,0.0,0.0,0.0,0.0,0.0,0.0,0.0,0.0,0.0,0.0,0.0,0.0,0.0,0.0,0.0,0.0,0.0,0.0,0.0,0.0,0.0,0.0,0.0,0.0,0.0,0.0,0.0,0.0,0.0,0.0,0.0,0.0,0.0,0.0,0.0,0.0,0.0,0.0,0.0,0.0,0.0,0.0,0.0,0.0,0.0,0.0,0.0,0.0,0.0,0.0,0.0,0.0,0.0,0.0,0.0,0.0,0.0,0.0,0.0,0.0,0.0,0.0,0.0,0.0,0.0,0.0,0.0,0.0,0.0,0.0,0.0,0.0,0.0,0.0,0.0,0.0,0.0,0.0,0.0,0.0,0.0,0.0,0.0,0.0,0.0,0.0,0.0,0.0,0.0,0.0,0.0,0.0,0.0,0.0,0.0,0.0,0.0,0.0,0.0,0.0,0.0,Defined Synthetic Media,Lactate + Lactose
Duber_2022,SRR18079357,R2,Batch,22,3.67,,,56.33,25.95,,35.0,,15.2,,95.69,,,0.0,,,,,5.52,30,,,0.0,0.0,0.0,0.0,1289.0,0.0,0.0,0.0,0.0,73.0,0.0,0.0,381.0,0.0,0.0,0.0,109.0,0.0,0.0,0.0,0.0,0.0,0.0,0.0,0.0,0.0,44.0,43.0,0.0,0.0,0.0,0.0,0.0,0.0,0.0,271.0,0.0,0.0,0.0,121.0,0.0,0.0,0.0,0.0,0.0,0.0,0.0,0.0,0.0,0.0,1349.0,0.0,4767.0,0.0,0.0,297.0,0.0,0.0,26.0,0.0,0.0,99.0,0.0,0.0,21,0.0,0.0,0.0,0.0,0.0,0.0,0.0,0.0,0.0,0.0,0.0,0.0,0.0,0.0,0.0,0.0,0.0,0.0,0.0,0.0,0.0,0.0,0.0,0.0,0.0,0.0,0.0,0.0,0.0,0.0,0.0,0.0,0.0,0.0,0.0,0.0,0.0,0.0,0.0,0.0,0.0,0.0,0.0,0.0,0.0,0.0,0.0,0.0,0.0,0.0,0.0,0.0,0.0,0.0,0.0,0.0,0.0,0.0,0.0,0.0,0.0,0.0,0.0,0.0,0.0,0.0,0.0,0.0,0.0,0.0,0.0,0.0,0.0,0.0,0.0,0.0,0.0,0.0,0.0,0.0,0.0,0.0,0.0,0.0,0.0,0.0,0.0,0.0,0.0,0.0,0.0,0.0,0.0,0.0,0.0,0.0,0.0,0.0,0.0,0.0,0.0,0.0,0.0,0.0,0.0,Defined Synthetic Media,Lactate + Lactose
Duber_2022,SRR18079363,R3,Batch,22,0.0,,,38.0,59.19,,18.18,,13.24,,3.62,,,0.0,,,,,7.5,30,,,0.0,288.0,0.0,611.0,6288.0,0.0,320.0,0.0,0.0,423.0,0.0,1394.0,1512.0,0.0,0.0,106.0,502.0,0.0,57.0,0.0,0.0,49.0,0.0,165.0,0.0,374.0,0.0,371.0,0.0,0.0,0.0,0.0,0.0,0.0,140.0,0.0,0.0,0.0,0.0,308.0,0.0,0.0,0.0,0.0,0.0,474.0,0.0,0.0,0.0,0.0,21.0,0.0,0.0,0.0,0.0,0.0,0.0,82.0,2255.0,0.0,0.0,361.0,0.0,0.0,7310,0.0,0.0,0.0,0.0,0.0,0.0,0.0,0.0,0.0,0.0,0.0,0.0,0.0,0.0,0.0,0.0,0.0,0.0,0.0,0.0,0.0,0.0,0.0,0.0,0.0,0.0,0.0,0.0,0.0,0.0,0.0,0.0,0.0,0.0,0.0,0.0,0.0,0.0,0.0,0.0,0.0,0.0,0.0,0.0,0.0,0.0,0.0,0.0,0.0,0.0,0.0,0.0,0.0,0.0,0.0,0.0,0.0,0.0,0.0,0.0,0.0,0.0,0.0,0.0,0.0,0.0,0.0,0.0,0.0,0.0,0.0,0.0,0.0,0.0,0.0,0.0,0.0,0.0,0.0,0.0,0.0,0.0,0.0,0.0,0.0,0.0,0.0,0.0,0.0,0.0,0.0,0.0,0.0,0.0,0.0,0.0,0.0,0.0,0.0,0.0,0.0,0.0,0.0,0.0,0.0,Defined Synthetic Media,Lactate + Lactose
Duber_2022,SRR18079362,R3,Batch,22,0.0,,,39.0,66.08,,19.09,,13.73,,2.07,,,0.0,,,,,6.95,30,,,0.0,165.0,0.0,525.0,5163.0,0.0,91.0,0.0,0.0,136.0,0.0,950.0,2952.0,0.0,0.0,50.0,132.0,0.0,0.0,0.0,0.0,31.0,0.0,81.0,0.0,249.0,0.0,494.0,0.0,0.0,0.0,0.0,0.0,0.0,0.0,0.0,0.0,0.0,0.0,503.0,0.0,0.0,0.0,73.0,0.0,380.0,0.0,0.0,0.0,0.0,0.0,0.0,0.0,0.0,0.0,17.0,0.0,0.0,1475.0,0.0,0.0,98.0,0.0,0.0,4552,0.0,0.0,0.0,0.0,0.0,0.0,0.0,0.0,0.0,0.0,0.0,0.0,0.0,0.0,0.0,0.0,0.0,0.0,0.0,0.0,0.0,0.0,0.0,0.0,0.0,0.0,0.0,0.0,0.0,0.0,0.0,0.0,0.0,0.0,0.0,0.0,0.0,0.0,0.0,0.0,0.0,0.0,0.0,0.0,0.0,0.0,0.0,0.0,0.0,0.0,0.0,0.0,0.0,0.0,0.0,0.0,0.0,0.0,0.0,0.0,0.0,0.0,0.0,0.0,0.0,0.0,0.0,0.0,0.0,0.0,0.0,0.0,0.0,0.0,0.0,0.0,0.0,0.0,0.0,0.0,0.0,0.0,0.0,0.0,0.0,0.0,0.0,0.0,0.0,0.0,0.0,0.0,0.0,0.0,0.0,0.0,0.0,0.0,0.0,0.0,0.0,0.0,0.0,0.0,0.0,Defined Synthetic Media,Lactate + Lactose
Duber_2022,SRR18079354,R4,Batch,22,0.0,,,98.0,4.46,,27.27,,0.0,,0.0,,,9.12,,,,,4.21,30,,,0.0,0.0,0.0,0.0,0.0,0.0,0.0,0.0,0.0,0.0,0.0,0.0,0.0,0.0,0.0,0.0,415.0,0.0,732.0,0.0,0.0,55.0,0.0,608.0,0.0,0.0,0.0,0.0,0.0,0.0,0.0,0.0,0.0,0.0,0.0,0.0,0.0,0.0,0.0,0.0,0.0,0.0,0.0,0.0,0.0,0.0,0.0,0.0,0.0,0.0,0.0,0.0,1139.0,0.0,0.0,184.0,0.0,0.0,0.0,0.0,0.0,406.0,0.0,0.0,268,0.0,0.0,0.0,0.0,0.0,0.0,0.0,0.0,0.0,0.0,0.0,0.0,0.0,0.0,0.0,0.0,0.0,0.0,0.0,0.0,0.0,0.0,0.0,0.0,0.0,0.0,0.0,0.0,0.0,0.0,0.0,0.0,0.0,0.0,0.0,0.0,0.0,0.0,0.0,0.0,0.0,0.0,0.0,0.0,0.0,0.0,0.0,0.0,0.0,0.0,0.0,0.0,0.0,0.0,0.0,0.0,0.0,0.0,0.0,0.0,0.0,0.0,0.0,0.0,0.0,0.0,0.0,0.0,0.0,0.0,0.0,0.0,0.0,0.0,0.0,0.0,0.0,0.0,0.0,0.0,0.0,0.0,0.0,0.0,0.0,0.0,0.0,0.0,0.0,0.0,0.0,0.0,0.0,0.0,0.0,0.0,0.0,0.0,0.0,0.0,0.0,0.0,0.0,0.0,0.0,Defined Synthetic Media,Ethanol + Lactose
Duber_2022,SRR18079353,R4,Batch,22,0.0,,,101.33,5.27,,28.18,,0.0,,0.52,,,7.38,,,,,4.24,30,,,0.0,0.0,0.0,0.0,0.0,0.0,0.0,0.0,0.0,0.0,0.0,0.0,0.0,0.0,0.0,0.0,195.0,0.0,8712.0,0.0,0.0,1497.0,0.0,1621.0,0.0,0.0,0.0,143.0,0.0,0.0,0.0,0.0,0.0,0.0,0.0,0.0,0.0,0.0,91.0,0.0,0.0,0.0,0.0,0.0,0.0,0.0,0.0,0.0,0.0,0.0,409.0,0.0,4893.0,0.0,0.0,0.0,0.0,0.0,0.0,0.0,0.0,675.0,0.0,0.0,1144,0.0,0.0,0.0,0.0,0.0,0.0,0.0,0.0,0.0,0.0,0.0,0.0,0.0,0.0,0.0,0.0,0.0,0.0,0.0,0.0,0.0,0.0,0.0,0.0,0.0,0.0,0.0,0.0,0.0,0.0,0.0,0.0,0.0,0.0,0.0,0.0,0.0,0.0,0.0,0.0,0.0,0.0,0.0,0.0,0.0,0.0,0.0,0.0,0.0,0.0,0.0,0.0,0.0,0.0,0.0,0.0,0.0,0.0,0.0,0.0,0.0,0.0,0.0,0.0,0.0,0.0,0.0,0.0,0.0,0.0,0.0,0.0,0.0,0.0,0.0,0.0,0.0,0.0,0.0,0.0,0.0,0.0,0.0,0.0,0.0,0.0,0.0,0.0,0.0,0.0,0.0,0.0,0.0,0.0,0.0,0.0,0.0,0.0,0.0,0.0,0.0,0.0,0.0,0.0,0.0,Defined Synthetic Media,Ethanol + Lactose
Duber_2022,SRR18079369,R5,Batch,22,0.0,,,124.0,6.08,,54.09,,0.49,,0.52,,,24.74,,,,,4.06,30,,,0.0,124.0,0.0,15.0,0.0,0.0,0.0,0.0,0.0,0.0,0.0,0.0,160.0,0.0,0.0,0.0,535.0,0.0,11334.0,0.0,0.0,10107.0,0.0,0.0,0.0,0.0,0.0,0.0,0.0,0.0,0.0,0.0,0.0,0.0,0.0,0.0,156.0,0.0,1918.0,0.0,0.0,0.0,0.0,0.0,0.0,0.0,0.0,0.0,0.0,0.0,331.0,0.0,0.0,0.0,0.0,0.0,0.0,0.0,0.0,0.0,0.0,0.0,0.0,0.0,561,0.0,0.0,0.0,0.0,0.0,0.0,0.0,0.0,0.0,0.0,0.0,0.0,0.0,0.0,0.0,0.0,0.0,0.0,0.0,0.0,0.0,0.0,0.0,0.0,0.0,0.0,0.0,0.0,0.0,0.0,0.0,0.0,0.0,0.0,0.0,0.0,0.0,0.0,0.0,0.0,0.0,0.0,0.0,0.0,0.0,0.0,0.0,0.0,0.0,0.0,0.0,0.0,0.0,0.0,0.0,0.0,0.0,0.0,0.0,0.0,0.0,0.0,0.0,0.0,0.0,0.0,0.0,0.0,0.0,0.0,0.0,0.0,0.0,0.0,0.0,0.0,0.0,0.0,0.0,0.0,0.0,0.0,0.0,0.0,0.0,0.0,0.0,0.0,0.0,0.0,0.0,0.0,0.0,0.0,0.0,0.0,0.0,0.0,0.0,0.0,0.0,0.0,0.0,0.0,0.0,Defined Synthetic Media,Ethanol + Lactose
Duber_2022,SRR18079359,R5,Batch,22,0.0,,,111.67,6.08,,45.91,,0.0,,0.0,,,24.74,,,,,4.08,30,,,0.0,228.0,0.0,0.0,293.0,0.0,26.0,0.0,0.0,25.0,0.0,96.0,185.0,0.0,0.0,0.0,307.0,0.0,10354.0,0.0,0.0,7749.0,0.0,0.0,0.0,95.0,0.0,0.0,0.0,0.0,0.0,0.0,0.0,0.0,0.0,0.0,65.0,0.0,1694.0,0.0,0.0,0.0,0.0,0.0,0.0,38.0,0.0,0.0,0.0,0.0,178.0,0.0,0.0,0.0,0.0,0.0,0.0,0.0,387.0,0.0,0.0,0.0,0.0,0.0,785,0.0,0.0,0.0,0.0,0.0,0.0,0.0,0.0,0.0,0.0,0.0,0.0,0.0,0.0,0.0,0.0,0.0,0.0,0.0,0.0,0.0,0.0,0.0,0.0,0.0,0.0,0.0,0.0,0.0,0.0,0.0,0.0,0.0,0.0,0.0,0.0,0.0,0.0,0.0,0.0,0.0,0.0,0.0,0.0,0.0,0.0,0.0,0.0,0.0,0.0,0.0,0.0,0.0,0.0,0.0,0.0,0.0,0.0,0.0,0.0,0.0,0.0,0.0,0.0,0.0,0.0,0.0,0.0,0.0,0.0,0.0,0.0,0.0,0.0,0.0,0.0,0.0,0.0,0.0,0.0,0.0,0.0,0.0,0.0,0.0,0.0,0.0,0.0,0.0,0.0,0.0,0.0,0.0,0.0,0.0,0.0,0.0,0.0,0.0,0.0,0.0,0.0,0.0,0.0,0.0,Defined Synthetic Media,Ethanol + Lactose
Duber_2022,SRR18079365,R6,Batch,22,0.0,,,44.33,27.97,,49.09,,0.49,,0.0,,,3.04,,,,,4.92,30,,,0.0,179.0,0.0,30.0,1378.0,0.0,310.0,0.0,0.0,238.0,0.0,1412.0,780.0,0.0,0.0,181.0,430.0,0.0,12.0,0.0,0.0,0.0,0.0,108.0,0.0,1610.0,0.0,491.0,0.0,0.0,0.0,0.0,0.0,0.0,0.0,0.0,0.0,0.0,0.0,0.0,0.0,0.0,118.0,0.0,0.0,251.0,0.0,0.0,0.0,0.0,0.0,0.0,0.0,0.0,0.0,0.0,0.0,0.0,6945.0,0.0,0.0,322.0,0.0,178.0,164,0.0,0.0,0.0,0.0,0.0,0.0,0.0,0.0,0.0,0.0,0.0,0.0,0.0,0.0,0.0,0.0,0.0,0.0,0.0,0.0,0.0,0.0,0.0,0.0,0.0,0.0,0.0,0.0,0.0,0.0,0.0,0.0,0.0,0.0,0.0,0.0,0.0,0.0,0.0,0.0,0.0,0.0,0.0,0.0,0.0,0.0,0.0,0.0,0.0,0.0,0.0,0.0,0.0,0.0,0.0,0.0,0.0,0.0,0.0,0.0,0.0,0.0,0.0,0.0,0.0,0.0,0.0,0.0,0.0,0.0,0.0,0.0,0.0,0.0,0.0,0.0,0.0,0.0,0.0,0.0,0.0,0.0,0.0,0.0,0.0,0.0,0.0,0.0,0.0,0.0,0.0,0.0,0.0,0.0,0.0,0.0,0.0,0.0,0.0,0.0,0.0,0.0,0.0,0.0,0.0,Defined Synthetic Media,Ethanol + Lactose
Duber_2022,SRR18079364,R6,Batch,22,0.0,,,33.67,21.49,,44.09,,0.0,,0.52,,,2.17,,,,,4.98,30,,,0.0,0.0,0.0,53.0,3186.0,0.0,500.0,0.0,0.0,301.0,0.0,2527.0,1488.0,0.0,0.0,12.0,395.0,0.0,37.0,0.0,0.0,144.0,0.0,169.0,0.0,2222.0,0.0,508.0,0.0,0.0,0.0,0.0,0.0,0.0,0.0,0.0,0.0,0.0,0.0,0.0,0.0,0.0,0.0,0.0,0.0,583.0,0.0,0.0,0.0,0.0,0.0,0.0,0.0,0.0,0.0,0.0,0.0,0.0,874.0,0.0,0.0,521.0,0.0,50.0,115,0.0,0.0,0.0,0.0,0.0,0.0,0.0,0.0,0.0,0.0,0.0,0.0,0.0,0.0,0.0,0.0,0.0,0.0,0.0,0.0,0.0,0.0,0.0,0.0,0.0,0.0,0.0,0.0,0.0,0.0,0.0,0.0,0.0,0.0,0.0,0.0,0.0,0.0,0.0,0.0,0.0,0.0,0.0,0.0,0.0,0.0,0.0,0.0,0.0,0.0,0.0,0.0,0.0,0.0,0.0,0.0,0.0,0.0,0.0,0.0,0.0,0.0,0.0,0.0,0.0,0.0,0.0,0.0,0.0,0.0,0.0,0.0,0.0,0.0,0.0,0.0,0.0,0.0,0.0,0.0,0.0,0.0,0.0,0.0,0.0,0.0,0.0,0.0,0.0,0.0,0.0,0.0,0.0,0.0,0.0,0.0,0.0,0.0,0.0,0.0,0.0,0.0,0.0,0.0,0.0,Defined Synthetic Media,Ethanol + Lactose
Duber_2022,SRR18079367,R7,Batch,22,0.0,,,80.33,27.97,,58.64,,6.37,,11.9,,,0.0,,,,,4.76,30,,,0.0,0.0,0.0,304.0,0.0,0.0,0.0,0.0,0.0,35.0,0.0,31.0,103.0,0.0,0.0,0.0,239.0,0.0,9787.0,0.0,0.0,3816.0,0.0,939.0,0.0,0.0,0.0,213.0,0.0,0.0,0.0,0.0,0.0,0.0,0.0,0.0,0.0,0.0,0.0,0.0,0.0,0.0,0.0,0.0,0.0,13.0,0.0,0.0,0.0,0.0,574.0,0.0,612.0,0.0,0.0,0.0,0.0,0.0,0.0,0.0,0.0,197.0,0.0,0.0,1173,0.0,0.0,0.0,0.0,0.0,0.0,0.0,0.0,0.0,0.0,0.0,0.0,0.0,0.0,0.0,0.0,0.0,0.0,0.0,0.0,0.0,0.0,0.0,0.0,0.0,0.0,0.0,0.0,0.0,0.0,0.0,0.0,0.0,0.0,0.0,0.0,0.0,0.0,0.0,0.0,0.0,0.0,0.0,0.0,0.0,0.0,0.0,0.0,0.0,0.0,0.0,0.0,0.0,0.0,0.0,0.0,0.0,0.0,0.0,0.0,0.0,0.0,0.0,0.0,0.0,0.0,0.0,0.0,0.0,0.0,0.0,0.0,0.0,0.0,0.0,0.0,0.0,0.0,0.0,0.0,0.0,0.0,0.0,0.0,0.0,0.0,0.0,0.0,0.0,0.0,0.0,0.0,0.0,0.0,0.0,0.0,0.0,0.0,0.0,0.0,0.0,0.0,0.0,0.0,0.0,Defined Synthetic Media,Lactate + Ethanol + Lactose
Duber_2022,SRR18079366,R7,Batch,22,0.0,,,81.67,25.14,,75.0,,5.88,,15.52,,,0.43,,,,,4.82,30,,,0.0,0.0,0.0,305.0,0.0,0.0,0.0,0.0,0.0,0.0,0.0,0.0,0.0,0.0,0.0,0.0,58.0,0.0,4589.0,0.0,0.0,3322.0,0.0,664.0,0.0,0.0,0.0,150.0,0.0,0.0,0.0,0.0,0.0,0.0,0.0,0.0,0.0,0.0,0.0,0.0,0.0,0.0,0.0,0.0,0.0,17.0,0.0,0.0,0.0,0.0,201.0,0.0,3658.0,0.0,0.0,0.0,0.0,0.0,0.0,0.0,0.0,238.0,0.0,0.0,1009,0.0,0.0,0.0,0.0,0.0,0.0,0.0,0.0,0.0,0.0,0.0,0.0,0.0,0.0,0.0,0.0,0.0,0.0,0.0,0.0,0.0,0.0,0.0,0.0,0.0,0.0,0.0,0.0,0.0,0.0,0.0,0.0,0.0,0.0,0.0,0.0,0.0,0.0,0.0,0.0,0.0,0.0,0.0,0.0,0.0,0.0,0.0,0.0,0.0,0.0,0.0,0.0,0.0,0.0,0.0,0.0,0.0,0.0,0.0,0.0,0.0,0.0,0.0,0.0,0.0,0.0,0.0,0.0,0.0,0.0,0.0,0.0,0.0,0.0,0.0,0.0,0.0,0.0,0.0,0.0,0.0,0.0,0.0,0.0,0.0,0.0,0.0,0.0,0.0,0.0,0.0,0.0,0.0,0.0,0.0,0.0,0.0,0.0,0.0,0.0,0.0,0.0,0.0,0.0,0.0,Defined Synthetic Media,Lactate + Ethanol + Lactose
Duber_2022,SRR18079356,R8,Batch,22,123.33,,,21.67,5.68,,16.82,,0.0,,0.52,,,41.24,,,,,3.9,30,,,22152.0,0.0,0.0,0.0,0.0,0.0,0.0,0.0,0.0,0.0,0.0,0.0,0.0,0.0,0.0,0.0,118.0,0.0,0.0,0.0,0.0,0.0,44.0,0.0,0.0,0.0,0.0,0.0,0.0,0.0,0.0,0.0,0.0,0.0,0.0,1107.0,0.0,0.0,0.0,0.0,0.0,0.0,0.0,0.0,0.0,0.0,0.0,0.0,0.0,0.0,79.0,0.0,768.0,0.0,0.0,1530.0,0.0,0.0,0.0,0.0,0.0,432.0,0.0,0.0,873,0.0,0.0,0.0,0.0,0.0,0.0,0.0,0.0,0.0,0.0,0.0,0.0,0.0,0.0,0.0,0.0,0.0,0.0,0.0,0.0,0.0,0.0,0.0,0.0,0.0,0.0,0.0,0.0,0.0,0.0,0.0,0.0,0.0,0.0,0.0,0.0,0.0,0.0,0.0,0.0,0.0,0.0,0.0,0.0,0.0,0.0,0.0,0.0,0.0,0.0,0.0,0.0,0.0,0.0,0.0,0.0,0.0,0.0,0.0,0.0,0.0,0.0,0.0,0.0,0.0,0.0,0.0,0.0,0.0,0.0,0.0,0.0,0.0,0.0,0.0,0.0,0.0,0.0,0.0,0.0,0.0,0.0,0.0,0.0,0.0,0.0,0.0,0.0,0.0,0.0,0.0,0.0,0.0,0.0,0.0,0.0,0.0,0.0,0.0,0.0,0.0,0.0,0.0,0.0,0.0,Defined Synthetic Media,Lactate + Ethanol + Lactose
Duber_2022,SRR18079355,R8,Batch,22,128.33,,,22.0,4.86,,14.55,,0.0,,0.0,,,47.32,,,,,3.84,30,,,13692.0,0.0,0.0,0.0,0.0,0.0,0.0,0.0,0.0,0.0,0.0,0.0,0.0,0.0,0.0,0.0,93.0,0.0,0.0,0.0,0.0,28.0,0.0,0.0,0.0,0.0,0.0,0.0,0.0,0.0,0.0,0.0,0.0,0.0,0.0,1551.0,12.0,0.0,0.0,0.0,0.0,0.0,0.0,0.0,0.0,0.0,0.0,0.0,0.0,0.0,111.0,0.0,737.0,0.0,0.0,1681.0,0.0,0.0,0.0,0.0,0.0,552.0,0.0,0.0,749,0.0,0.0,0.0,0.0,0.0,0.0,0.0,0.0,0.0,0.0,0.0,0.0,0.0,0.0,0.0,0.0,0.0,0.0,0.0,0.0,0.0,0.0,0.0,0.0,0.0,0.0,0.0,0.0,0.0,0.0,0.0,0.0,0.0,0.0,0.0,0.0,0.0,0.0,0.0,0.0,0.0,0.0,0.0,0.0,0.0,0.0,0.0,0.0,0.0,0.0,0.0,0.0,0.0,0.0,0.0,0.0,0.0,0.0,0.0,0.0,0.0,0.0,0.0,0.0,0.0,0.0,0.0,0.0,0.0,0.0,0.0,0.0,0.0,0.0,0.0,0.0,0.0,0.0,0.0,0.0,0.0,0.0,0.0,0.0,0.0,0.0,0.0,0.0,0.0,0.0,0.0,0.0,0.0,0.0,0.0,0.0,0.0,0.0,0.0,0.0,0.0,0.0,0.0,0.0,0.0,Defined Synthetic Media,Lactate + Ethanol + Lactose
Duber_2022,SRR18079361,R9,Batch,22,0.0,,,52.33,54.73,,22.27,,8.33,,1.55,,,0.0,,,,,5.35,30,,,0.0,886.0,0.0,71.0,3773.0,0.0,730.0,0.0,0.0,193.0,0.0,1692.0,900.0,0.0,0.0,0.0,398.0,0.0,144.0,0.0,0.0,88.0,0.0,145.0,0.0,1070.0,0.0,634.0,0.0,0.0,0.0,0.0,0.0,16.0,0.0,0.0,0.0,0.0,0.0,0.0,0.0,0.0,0.0,0.0,0.0,529.0,0.0,0.0,0.0,0.0,0.0,0.0,0.0,0.0,0.0,0.0,0.0,65.0,7367.0,0.0,0.0,208.0,0.0,23.0,2427,0.0,0.0,0.0,0.0,0.0,0.0,0.0,0.0,0.0,0.0,0.0,0.0,0.0,0.0,0.0,0.0,0.0,0.0,0.0,0.0,0.0,0.0,0.0,0.0,0.0,0.0,0.0,0.0,0.0,0.0,0.0,0.0,0.0,0.0,0.0,0.0,0.0,0.0,0.0,0.0,0.0,0.0,0.0,0.0,0.0,0.0,0.0,0.0,0.0,0.0,0.0,0.0,0.0,0.0,0.0,0.0,0.0,0.0,0.0,0.0,0.0,0.0,0.0,0.0,0.0,0.0,0.0,0.0,0.0,0.0,0.0,0.0,0.0,0.0,0.0,0.0,0.0,0.0,0.0,0.0,0.0,0.0,0.0,0.0,0.0,0.0,0.0,0.0,0.0,0.0,0.0,0.0,0.0,0.0,0.0,0.0,0.0,0.0,0.0,0.0,0.0,0.0,0.0,0.0,0.0,Defined Synthetic Media,Lactate + Ethanol + Lactose
Duber_2022,SRR18079360,R9,Batch,22,0.0,,,41.33,51.08,,27.27,,7.84,,2.07,,,0.0,,,,,5.47,30,,,0.0,1006.0,0.0,0.0,3130.0,0.0,84.0,0.0,0.0,162.0,0.0,1066.0,839.0,0.0,0.0,0.0,253.0,0.0,54.0,0.0,0.0,34.0,0.0,69.0,0.0,594.0,0.0,369.0,0.0,0.0,0.0,0.0,0.0,0.0,80.0,0.0,0.0,0.0,0.0,162.0,0.0,0.0,0.0,0.0,0.0,455.0,0.0,0.0,0.0,0.0,0.0,0.0,0.0,0.0,0.0,0.0,0.0,36.0,3822.0,0.0,0.0,0.0,0.0,0.0,3086,0.0,0.0,0.0,0.0,0.0,0.0,0.0,0.0,0.0,0.0,0.0,0.0,0.0,0.0,0.0,0.0,0.0,0.0,0.0,0.0,0.0,0.0,0.0,0.0,0.0,0.0,0.0,0.0,0.0,0.0,0.0,0.0,0.0,0.0,0.0,0.0,0.0,0.0,0.0,0.0,0.0,0.0,0.0,0.0,0.0,0.0,0.0,0.0,0.0,0.0,0.0,0.0,0.0,0.0,0.0,0.0,0.0,0.0,0.0,0.0,0.0,0.0,0.0,0.0,0.0,0.0,0.0,0.0,0.0,0.0,0.0,0.0,0.0,0.0,0.0,0.0,0.0,0.0,0.0,0.0,0.0,0.0,0.0,0.0,0.0,0.0,0.0,0.0,0.0,0.0,0.0,0.0,0.0,0.0,0.0,0.0,0.0,0.0,0.0,0.0,0.0,0.0,0.0,0.0,0.0,Defined Synthetic Media,Lactate + Ethanol + Lactose
Duber_2020,ERR3200162,B1,CSTR,0,12.22,58.58,,,,,,,,,,,,,,,,,5.5,30,,,0.0,0.0,0.0,0.0,0.0,0.0,0.0,0.0,0.0,0.0,0.0,0.0,0.0,0.0,0.0,0.0,0.0,0.0,0.0,0.0,0.0,0.0,0.0,0.0,0.0,0.0,0.0,0.0,0.0,0.0,0.0,0.0,0.0,0.0,0.0,0.0,0.0,0.0,0.0,0.0,0.0,0.0,0.0,0.0,0.0,0.0,0.0,0.0,0.0,0.0,0.0,0.0,0.0,0.0,0.0,0.0,0.0,0.0,0.0,0.0,0.0,0.0,0.0,0.0,0,0.0,0.0,0.0,0.0,0.0,0.0,0.0,0.0,0.0,0.0,0.0,0.0,0.0,0.0,0.0,0.0,0.0,0.0,0.0,0.0,0.0,0.0,0.0,0.0,0.0,0.0,0.0,0.0,0.0,0.0,0.0,0.0,0.0,0.0,0.0,0.0,0.0,0.0,0.0,0.0,0.0,0.0,0.0,0.0,0.0,0.0,0.0,0.0,0.0,0.0,0.0,0.0,0.0,0.0,0.0,0.0,0.0,0.0,0.0,0.0,0.0,0.0,0.0,0.0,0.0,0.0,0.0,0.0,0.0,0.0,0.0,0.0,0.0,0.0,0.0,0.0,0.0,0.0,0.0,0.0,0.0,0.0,0.0,0.0,0.0,0.0,0.0,0.0,0.0,0.0,0.0,0.0,0.0,0.0,0.0,0.0,0.0,0.0,0.0,0.0,0.0,0.0,0.0,0.0,0.0,Complex Organic Waste,Acid Whey
Duber_2020,ERR3200163,B1,CSTR,7,0.0,0.0,,63.91,39.09,1.5,46.11,4.21,39.15,0.0,24.81,10.97,0.0,0.31,0.0,7.42,0.26,0.0,5.45,30,20.0,92.0,1706.0,0.0,0.0,37.0,0.0,0.0,51.0,13.0,0.0,0.0,0.0,0.0,0.0,0.0,0.0,0.0,0.0,22.0,756.0,0.0,0.0,0.0,0.0,186.0,0.0,0.0,0.0,221.0,0.0,0.0,0.0,0.0,0.0,0.0,0.0,31.0,0.0,197.0,0.0,0.0,21.0,0.0,0.0,0.0,0.0,270.0,0.0,0.0,0.0,0.0,0.0,0.0,138.0,0.0,0.0,0.0,0.0,0.0,0.0,0.0,0.0,0.0,0.0,0.0,0,0.0,0.0,0.0,0.0,0.0,0.0,0.0,0.0,0.0,0.0,0.0,0.0,0.0,0.0,0.0,0.0,0.0,0.0,0.0,0.0,0.0,0.0,0.0,0.0,0.0,0.0,0.0,0.0,0.0,0.0,0.0,0.0,0.0,0.0,0.0,0.0,0.0,0.0,0.0,0.0,0.0,0.0,0.0,0.0,0.0,0.0,0.0,0.0,0.0,0.0,0.0,0.0,0.0,0.0,0.0,0.0,0.0,0.0,0.0,0.0,0.0,0.0,0.0,0.0,0.0,0.0,0.0,0.0,0.0,0.0,0.0,0.0,0.0,0.0,0.0,0.0,0.0,0.0,0.0,0.0,0.0,0.0,0.0,0.0,0.0,0.0,0.0,0.0,0.0,0.0,0.0,0.0,0.0,0.0,0.0,0.0,0.0,0.0,0.0,0.0,0.0,0.0,0.0,0.0,0.0,Complex Organic Waste,Acid Whey
Duber_2020,ERR3200164,B1,CSTR,14,0.0,0.0,,144.34,36.14,4.71,83.2,13.38,51.47,0.0,35.93,17.9,1.79,0.0,0.0,0.0,0.0,0.0,5.55,30,20.0,46.0,691.0,0.0,0.0,0.0,39.0,0.0,59.0,0.0,0.0,0.0,0.0,0.0,0.0,0.0,0.0,0.0,0.0,13.0,640.0,0.0,0.0,0.0,0.0,116.0,0.0,0.0,0.0,344.0,0.0,0.0,0.0,0.0,0.0,0.0,0.0,0.0,0.0,52.0,0.0,0.0,195.0,0.0,0.0,0.0,0.0,138.0,0.0,0.0,0.0,0.0,0.0,0.0,54.0,0.0,0.0,39.0,0.0,0.0,41.0,0.0,0.0,0.0,7.0,0.0,0,0.0,0.0,0.0,0.0,0.0,0.0,0.0,0.0,0.0,0.0,0.0,0.0,0.0,0.0,0.0,0.0,0.0,0.0,0.0,0.0,0.0,0.0,0.0,0.0,0.0,0.0,0.0,0.0,0.0,0.0,0.0,0.0,0.0,0.0,0.0,0.0,0.0,0.0,0.0,0.0,0.0,0.0,0.0,0.0,0.0,0.0,0.0,0.0,0.0,0.0,0.0,0.0,0.0,0.0,0.0,0.0,0.0,0.0,0.0,0.0,0.0,0.0,0.0,0.0,0.0,0.0,0.0,0.0,0.0,0.0,0.0,0.0,0.0,0.0,0.0,0.0,0.0,0.0,0.0,0.0,0.0,0.0,0.0,0.0,0.0,0.0,0.0,0.0,0.0,0.0,0.0,0.0,0.0,0.0,0.0,0.0,0.0,0.0,0.0,0.0,0.0,0.0,0.0,0.0,0.0,Complex Organic Waste,Acid Whey
Duber_2020,ERR3200165,B1,CSTR,35,4.06,0.0,,40.97,12.93,6.8,148.11,18.14,68.8,0.0,73.68,6.09,2.36,5.74,0.0,0.0,0.0,0.0,6.32,30,10.0,65.0,73.0,0.0,0.0,0.0,271.0,0.0,13.0,0.0,0.0,0.0,0.0,23.0,0.0,0.0,0.0,0.0,0.0,0.0,129.0,0.0,0.0,0.0,0.0,0.0,0.0,0.0,0.0,186.0,0.0,0.0,0.0,0.0,0.0,0.0,0.0,0.0,22.0,0.0,0.0,0.0,1065.0,0.0,0.0,0.0,0.0,0.0,0.0,0.0,0.0,0.0,0.0,0.0,0.0,0.0,0.0,0.0,0.0,77.0,0.0,0.0,0.0,0.0,0.0,256.0,0,0.0,0.0,0.0,0.0,0.0,0.0,0.0,0.0,0.0,0.0,0.0,0.0,0.0,0.0,0.0,0.0,0.0,0.0,0.0,0.0,0.0,0.0,0.0,0.0,0.0,0.0,0.0,0.0,0.0,0.0,0.0,0.0,0.0,0.0,0.0,0.0,0.0,0.0,0.0,0.0,0.0,0.0,0.0,0.0,0.0,0.0,0.0,0.0,0.0,0.0,0.0,0.0,0.0,0.0,0.0,0.0,0.0,0.0,0.0,0.0,0.0,0.0,0.0,0.0,0.0,0.0,0.0,0.0,0.0,0.0,0.0,0.0,0.0,0.0,0.0,0.0,0.0,0.0,0.0,0.0,0.0,0.0,0.0,0.0,0.0,0.0,0.0,0.0,0.0,0.0,0.0,0.0,0.0,0.0,0.0,0.0,0.0,0.0,0.0,0.0,0.0,0.0,0.0,0.0,0.0,Complex Organic Waste,Acid Whey
Duber_2020,ERR3200166,B1,CSTR,56,0.0,0.0,,305.03,10.78,4.86,293.74,13.95,43.17,0.0,102.58,7.44,1.1,0.0,0.0,0.0,0.0,0.0,5.43,30,5.0,28.0,94.0,0.0,0.0,0.0,0.0,0.0,0.0,0.0,0.0,40.0,0.0,0.0,0.0,0.0,0.0,0.0,2598.0,0.0,241.0,0.0,0.0,8.0,0.0,32.0,0.0,0.0,0.0,705.0,0.0,0.0,0.0,0.0,0.0,0.0,0.0,25.0,876.0,0.0,0.0,0.0,6901.0,0.0,0.0,401.0,0.0,23.0,0.0,0.0,0.0,0.0,4763.0,0.0,26.0,0.0,0.0,37.0,0.0,169.0,0.0,0.0,0.0,0.0,0.0,1340.0,0,0.0,0.0,0.0,0.0,0.0,0.0,0.0,0.0,0.0,0.0,0.0,0.0,0.0,0.0,0.0,0.0,0.0,0.0,0.0,0.0,0.0,0.0,0.0,0.0,0.0,0.0,0.0,0.0,0.0,0.0,0.0,0.0,0.0,0.0,0.0,0.0,0.0,0.0,0.0,0.0,0.0,0.0,0.0,0.0,0.0,0.0,0.0,0.0,0.0,0.0,0.0,0.0,0.0,0.0,0.0,0.0,0.0,0.0,0.0,0.0,0.0,0.0,0.0,0.0,0.0,0.0,0.0,0.0,0.0,0.0,0.0,0.0,0.0,0.0,0.0,0.0,0.0,0.0,0.0,0.0,0.0,0.0,0.0,0.0,0.0,0.0,0.0,0.0,0.0,0.0,0.0,0.0,0.0,0.0,0.0,0.0,0.0,0.0,0.0,0.0,0.0,0.0,0.0,0.0,0.0,Complex Organic Waste,Acid Whey
Duber_2020,ERR3200167,B1,CSTR,78,6.46,2.91,,617.23,15.08,3.69,504.14,6.49,29.42,0.0,85.12,0.0,0.0,5.94,54.58,0.0,0.0,0.48,5.43,30,2.5,80.0,0.0,0.0,0.0,0.0,0.0,0.0,10.0,0.0,0.0,50.0,0.0,35.0,0.0,0.0,0.0,0.0,2070.0,0.0,104.0,0.0,0.0,431.0,0.0,0.0,0.0,0.0,0.0,179.0,0.0,0.0,0.0,0.0,0.0,0.0,0.0,59.0,1286.0,0.0,77.0,0.0,4677.0,0.0,0.0,1584.0,0.0,15.0,0.0,0.0,0.0,0.0,2878.0,0.0,45.0,0.0,0.0,0.0,0.0,63.0,24.0,0.0,0.0,0.0,0.0,346.0,0,0.0,0.0,0.0,0.0,0.0,0.0,0.0,0.0,0.0,0.0,0.0,0.0,0.0,0.0,0.0,0.0,0.0,0.0,0.0,0.0,0.0,0.0,0.0,0.0,0.0,0.0,0.0,0.0,0.0,0.0,0.0,0.0,0.0,0.0,0.0,0.0,0.0,0.0,0.0,0.0,0.0,0.0,0.0,0.0,0.0,0.0,0.0,0.0,0.0,0.0,0.0,0.0,0.0,0.0,0.0,0.0,0.0,0.0,0.0,0.0,0.0,0.0,0.0,0.0,0.0,0.0,0.0,0.0,0.0,0.0,0.0,0.0,0.0,0.0,0.0,0.0,0.0,0.0,0.0,0.0,0.0,0.0,0.0,0.0,0.0,0.0,0.0,0.0,0.0,0.0,0.0,0.0,0.0,0.0,0.0,0.0,0.0,0.0,0.0,0.0,0.0,0.0,0.0,0.0,0.0,Complex Organic Waste,Acid Whey
Duber_2020,ERR3200168,B1,CSTR,107,663.18,6.1,,87.91,9.02,0.81,76.98999999999998,0.54,18.11,0.76,278.88,5.4,1.8,78.52,0.0,0.0,0.0,0.3,5.46,30,1.25,320.0,0.0,0.0,0.0,0.0,0.0,0.0,0.0,0.0,0.0,507.0,0.0,0.0,0.0,0.0,0.0,0.0,6470.0,0.0,82.0,0.0,0.0,111.0,0.0,0.0,0.0,0.0,80.0,358.0,0.0,0.0,0.0,0.0,0.0,0.0,0.0,202.0,121.0,3.0,76.0,0.0,164.0,0.0,0.0,29666.0,0.0,16.0,0.0,0.0,0.0,0.0,11431.0,0.0,67.0,0.0,0.0,34.0,0.0,38.0,0.0,0.0,0.0,0.0,0.0,19.0,500,0.0,0.0,0.0,0.0,0.0,0.0,0.0,0.0,0.0,0.0,0.0,0.0,0.0,0.0,0.0,0.0,0.0,0.0,0.0,0.0,0.0,0.0,0.0,0.0,0.0,0.0,0.0,0.0,0.0,0.0,0.0,0.0,0.0,0.0,0.0,0.0,0.0,0.0,0.0,0.0,0.0,0.0,0.0,0.0,0.0,0.0,0.0,0.0,0.0,0.0,0.0,0.0,0.0,0.0,0.0,0.0,0.0,0.0,0.0,0.0,0.0,0.0,0.0,0.0,0.0,0.0,0.0,0.0,0.0,0.0,0.0,0.0,0.0,0.0,0.0,0.0,0.0,0.0,0.0,0.0,0.0,0.0,0.0,0.0,0.0,0.0,0.0,0.0,0.0,0.0,0.0,0.0,0.0,0.0,0.0,0.0,0.0,0.0,0.0,0.0,0.0,0.0,0.0,0.0,0.0,Complex Organic Waste,Acid Whey
Duber_2020,ERR3200169,B1,CSTR,107,663.18,6.1,,87.91,9.02,0.81,76.98999999999998,0.54,18.11,0.76,278.88,5.4,1.8,78.52,0.0,0.0,0.0,0.3,5.46,30,1.25,320.0,0.0,0.0,0.0,0.0,0.0,0.0,0.0,0.0,0.0,1444.0,0.0,0.0,0.0,0.0,0.0,0.0,645.0,0.0,0.0,0.0,0.0,0.0,0.0,0.0,0.0,0.0,53.0,103.0,0.0,0.0,0.0,0.0,0.0,0.0,0.0,0.0,0.0,17.0,0.0,0.0,0.0,0.0,0.0,33270.0,0.0,27.0,0.0,0.0,0.0,0.0,9878.0,0.0,0.0,0.0,0.0,0.0,0.0,0.0,0.0,0.0,0.0,0.0,12.0,0.0,0,0.0,0.0,0.0,0.0,0.0,0.0,0.0,0.0,0.0,0.0,0.0,0.0,0.0,0.0,0.0,0.0,0.0,0.0,0.0,0.0,0.0,0.0,0.0,0.0,0.0,0.0,0.0,0.0,0.0,0.0,0.0,0.0,0.0,0.0,0.0,0.0,0.0,0.0,0.0,0.0,0.0,0.0,0.0,0.0,0.0,0.0,0.0,0.0,0.0,0.0,0.0,0.0,0.0,0.0,0.0,0.0,0.0,0.0,0.0,0.0,0.0,0.0,0.0,0.0,0.0,0.0,0.0,0.0,0.0,0.0,0.0,0.0,0.0,0.0,0.0,0.0,0.0,0.0,0.0,0.0,0.0,0.0,0.0,0.0,0.0,0.0,0.0,0.0,0.0,0.0,0.0,0.0,0.0,0.0,0.0,0.0,0.0,0.0,0.0,0.0,0.0,0.0,0.0,0.0,0.0,Complex Organic Waste,Acid Whey
Duber_2020,ERR3200170,B1,CSTR,125,186.8,0.0,,40.15,38.85,0.0,435.41,0.0,44.59,0.8,330.65,5.54,2.16,101.17,0.0,1.52,0.0,1.99,5.61,30,1.25,380.0,0.0,0.0,0.0,0.0,0.0,0.0,0.0,0.0,0.0,777.0,0.0,0.0,0.0,0.0,0.0,0.0,2872.0,0.0,0.0,0.0,0.0,181.0,0.0,0.0,0.0,0.0,62.0,244.0,0.0,0.0,0.0,0.0,0.0,0.0,0.0,204.0,42.0,20.0,0.0,0.0,0.0,0.0,0.0,18409.0,0.0,178.0,0.0,0.0,0.0,0.0,10871.0,0.0,30.0,0.0,0.0,0.0,0.0,90.0,0.0,0.0,0.0,0.0,0.0,31.0,1476,0.0,0.0,0.0,0.0,0.0,0.0,0.0,0.0,0.0,0.0,0.0,0.0,0.0,0.0,0.0,0.0,0.0,0.0,0.0,0.0,0.0,0.0,0.0,0.0,0.0,0.0,0.0,0.0,0.0,0.0,0.0,0.0,0.0,0.0,0.0,0.0,0.0,0.0,0.0,0.0,0.0,0.0,0.0,0.0,0.0,0.0,0.0,0.0,0.0,0.0,0.0,0.0,0.0,0.0,0.0,0.0,0.0,0.0,0.0,0.0,0.0,0.0,0.0,0.0,0.0,0.0,0.0,0.0,0.0,0.0,0.0,0.0,0.0,0.0,0.0,0.0,0.0,0.0,0.0,0.0,0.0,0.0,0.0,0.0,0.0,0.0,0.0,0.0,0.0,0.0,0.0,0.0,0.0,0.0,0.0,0.0,0.0,0.0,0.0,0.0,0.0,0.0,0.0,0.0,0.0,Complex Organic Waste,Acid Whey
Brodowski_2022_EXTERNAL_ACETATE,SRR13989653,B1,CSTR,0,87.0,,,0.0,0.0,0.0,0.0,0.0,0.0,0.0,0.0,0.0,0.0,0.0,,0.0,,0.0,5.5,30,,,262.0,336.0,18.0,15005.0,0.0,0.0,53.0,0.0,0.0,3481.0,0.0,0.0,0.0,6.0,85.0,0.0,1038.0,0.0,143.0,0.0,0.0,653.0,68.0,64.0,0.0,178.0,0.0,0.0,0.0,0.0,0.0,0.0,0.0,0.0,0.0,0.0,5211.0,71.0,0.0,0.0,13.0,0.0,0.0,0.0,0.0,629.0,138.0,0.0,0.0,0.0,15.0,0.0,126.0,0.0,0.0,0.0,0.0,0.0,89.0,0.0,0.0,0.0,88.0,0.0,2629,0.0,0.0,0.0,0.0,0.0,0.0,0.0,0.0,0.0,0.0,0.0,0.0,0.0,0.0,0.0,0.0,0.0,0.0,0.0,0.0,0.0,0.0,0.0,0.0,0.0,0.0,0.0,0.0,0.0,0.0,0.0,0.0,0.0,0.0,0.0,0.0,0.0,0.0,0.0,0.0,0.0,0.0,0.0,0.0,0.0,0.0,0.0,0.0,0.0,0.0,0.0,0.0,0.0,0.0,0.0,0.0,0.0,0.0,0.0,0.0,0.0,0.0,0.0,0.0,0.0,0.0,0.0,0.0,0.0,0.0,0.0,0.0,0.0,0.0,0.0,0.0,0.0,0.0,0.0,0.0,0.0,0.0,0.0,0.0,0.0,0.0,0.0,0.0,0.0,0.0,0.0,0.0,0.0,0.0,0.0,0.0,0.0,0.0,0.0,0.0,0.0,0.0,0.0,0.0,0.0,Defined Synthetic Media,Lactate Only
Brodowski_2022_EXTERNAL_ACETATE,SRR13989653,B2,CSTR,0,92.0,,,44.0,0.0,0.0,0.0,0.0,0.0,0.0,0.0,0.0,0.0,0.0,,0.0,,0.0,5.5,30,,,262.0,336.0,18.0,15005.0,0.0,0.0,53.0,0.0,0.0,3481.0,0.0,0.0,0.0,6.0,85.0,0.0,1038.0,0.0,143.0,0.0,0.0,653.0,68.0,64.0,0.0,178.0,0.0,0.0,0.0,0.0,0.0,0.0,0.0,0.0,0.0,0.0,5211.0,71.0,0.0,0.0,13.0,0.0,0.0,0.0,0.0,629.0,138.0,0.0,0.0,0.0,15.0,0.0,126.0,0.0,0.0,0.0,0.0,0.0,89.0,0.0,0.0,0.0,88.0,0.0,2629,0.0,0.0,0.0,0.0,0.0,0.0,0.0,0.0,0.0,0.0,0.0,0.0,0.0,0.0,0.0,0.0,0.0,0.0,0.0,0.0,0.0,0.0,0.0,0.0,0.0,0.0,0.0,0.0,0.0,0.0,0.0,0.0,0.0,0.0,0.0,0.0,0.0,0.0,0.0,0.0,0.0,0.0,0.0,0.0,0.0,0.0,0.0,0.0,0.0,0.0,0.0,0.0,0.0,0.0,0.0,0.0,0.0,0.0,0.0,0.0,0.0,0.0,0.0,0.0,0.0,0.0,0.0,0.0,0.0,0.0,0.0,0.0,0.0,0.0,0.0,0.0,0.0,0.0,0.0,0.0,0.0,0.0,0.0,0.0,0.0,0.0,0.0,0.0,0.0,0.0,0.0,0.0,0.0,0.0,0.0,0.0,0.0,0.0,0.0,0.0,0.0,0.0,0.0,0.0,0.0,Defined Synthetic Media,Lactate + Acetate
Brodowski_2022_EXTERNAL_ACETATE,SRR13989646,B1,CSTR,22,4.0,,,1.0,6.0,1.0,4.0,1.0,19.0,0.0,34.0,21.0,0.0,0.0,,0.0,,0.0,5.5,30,5.0,,33904.0,41.0,986.0,0.0,0.0,0.0,527.0,0.0,0.0,0.0,0.0,97.0,0.0,0.0,9.0,0.0,8158.0,30.0,0.0,0.0,0.0,448.0,0.0,13.0,0.0,301.0,0.0,0.0,0.0,0.0,0.0,0.0,0.0,0.0,0.0,0.0,0.0,0.0,0.0,0.0,0.0,0.0,0.0,0.0,0.0,874.0,0.0,0.0,0.0,0.0,534.0,0.0,354.0,27.0,0.0,0.0,0.0,0.0,0.0,0.0,0.0,0.0,0.0,618.0,141,0.0,0.0,0.0,0.0,0.0,0.0,0.0,0.0,0.0,0.0,0.0,0.0,0.0,0.0,0.0,0.0,0.0,0.0,0.0,0.0,0.0,0.0,0.0,0.0,0.0,0.0,0.0,0.0,0.0,0.0,0.0,0.0,0.0,0.0,0.0,0.0,0.0,0.0,0.0,0.0,0.0,0.0,0.0,0.0,0.0,0.0,0.0,0.0,0.0,0.0,0.0,0.0,0.0,0.0,0.0,0.0,0.0,0.0,0.0,0.0,0.0,0.0,0.0,0.0,0.0,0.0,0.0,0.0,0.0,0.0,0.0,0.0,0.0,0.0,0.0,0.0,0.0,0.0,0.0,0.0,0.0,0.0,0.0,0.0,0.0,0.0,0.0,0.0,0.0,0.0,0.0,0.0,0.0,0.0,0.0,0.0,0.0,0.0,0.0,0.0,0.0,0.0,0.0,0.0,0.0,Defined Synthetic Media,Lactate Only
Brodowski_2022_EXTERNAL_ACETATE,SRR13989645,B1,CSTR,48,3.0,,,6.0,5.0,1.0,5.0,1.0,17.0,0.0,123.0,26.0,5.0,0.0,,0.0,,0.0,5.5,30,5.0,,3630.0,101.0,19040.0,0.0,0.0,0.0,171.0,0.0,52.0,0.0,0.0,0.0,0.0,0.0,123.0,16.0,12072.0,0.0,0.0,0.0,0.0,895.0,0.0,0.0,0.0,19.0,0.0,0.0,0.0,0.0,0.0,0.0,0.0,18.0,0.0,0.0,0.0,0.0,0.0,0.0,1263.0,0.0,0.0,0.0,0.0,259.0,0.0,0.0,0.0,0.0,646.0,0.0,255.0,523.0,0.0,0.0,0.0,0.0,38.0,0.0,0.0,0.0,0.0,4528.0,304,0.0,0.0,0.0,0.0,0.0,0.0,0.0,0.0,0.0,0.0,0.0,0.0,0.0,0.0,0.0,0.0,0.0,0.0,0.0,0.0,0.0,0.0,0.0,0.0,0.0,0.0,0.0,0.0,0.0,0.0,0.0,0.0,0.0,0.0,0.0,0.0,0.0,0.0,0.0,0.0,0.0,0.0,0.0,0.0,0.0,0.0,0.0,0.0,0.0,0.0,0.0,0.0,0.0,0.0,0.0,0.0,0.0,0.0,0.0,0.0,0.0,0.0,0.0,0.0,0.0,0.0,0.0,0.0,0.0,0.0,0.0,0.0,0.0,0.0,0.0,0.0,0.0,0.0,0.0,0.0,0.0,0.0,0.0,0.0,0.0,0.0,0.0,0.0,0.0,0.0,0.0,0.0,0.0,0.0,0.0,0.0,0.0,0.0,0.0,0.0,0.0,0.0,0.0,0.0,0.0,Defined Synthetic Media,Lactate Only
Brodowski_2022_EXTERNAL_ACETATE,SRR13989644,B1,CSTR,72,44.0,,,1.0,0.0,1.0,37.0,1.0,4.0,0.0,215.0,7.0,4.0,0.0,,0.0,,0.0,5.5,30,5.0,,375.0,0.0,27583.0,0.0,0.0,0.0,11.0,0.0,53.0,0.0,0.0,0.0,0.0,38.0,94.0,0.0,14839.0,0.0,0.0,0.0,0.0,5332.0,0.0,0.0,16.0,0.0,0.0,0.0,0.0,0.0,0.0,0.0,0.0,42.0,0.0,0.0,0.0,0.0,0.0,0.0,973.0,0.0,0.0,0.0,0.0,3954.0,0.0,0.0,0.0,0.0,473.0,0.0,1257.0,347.0,0.0,0.0,0.0,0.0,18.0,0.0,0.0,0.0,0.0,3133.0,844,0.0,0.0,0.0,0.0,0.0,0.0,0.0,0.0,0.0,0.0,0.0,0.0,0.0,0.0,0.0,0.0,0.0,0.0,0.0,0.0,0.0,0.0,0.0,0.0,0.0,0.0,0.0,0.0,0.0,0.0,0.0,0.0,0.0,0.0,0.0,0.0,0.0,0.0,0.0,0.0,0.0,0.0,0.0,0.0,0.0,0.0,0.0,0.0,0.0,0.0,0.0,0.0,0.0,0.0,0.0,0.0,0.0,0.0,0.0,0.0,0.0,0.0,0.0,0.0,0.0,0.0,0.0,0.0,0.0,0.0,0.0,0.0,0.0,0.0,0.0,0.0,0.0,0.0,0.0,0.0,0.0,0.0,0.0,0.0,0.0,0.0,0.0,0.0,0.0,0.0,0.0,0.0,0.0,0.0,0.0,0.0,0.0,0.0,0.0,0.0,0.0,0.0,0.0,0.0,0.0,Defined Synthetic Media,Lactate Only
Brodowski_2022_EXTERNAL_ACETATE,SRR13989643,B1,CSTR,88,0.0,,,16.0,1.0,2.0,72.0,1.0,15.0,0.0,287.0,6.0,4.0,0.0,,0.0,,0.0,5.5,30,5.0,,124.0,13.0,17870.0,0.0,0.0,0.0,62.0,0.0,67.0,7.0,0.0,8.0,0.0,0.0,122.0,0.0,42449.0,30.0,0.0,0.0,0.0,1684.0,0.0,0.0,21.0,0.0,0.0,0.0,0.0,0.0,0.0,0.0,0.0,0.0,0.0,0.0,0.0,0.0,0.0,21.0,118.0,0.0,0.0,0.0,0.0,1092.0,0.0,0.0,0.0,0.0,685.0,0.0,806.0,658.0,0.0,0.0,12.0,0.0,35.0,0.0,0.0,0.0,0.0,1816.0,1430,0.0,0.0,0.0,0.0,0.0,0.0,0.0,0.0,0.0,0.0,0.0,0.0,0.0,0.0,0.0,0.0,0.0,0.0,0.0,0.0,0.0,0.0,0.0,0.0,0.0,0.0,0.0,0.0,0.0,0.0,0.0,0.0,0.0,0.0,0.0,0.0,0.0,0.0,0.0,0.0,0.0,0.0,0.0,0.0,0.0,0.0,0.0,0.0,0.0,0.0,0.0,0.0,0.0,0.0,0.0,0.0,0.0,0.0,0.0,0.0,0.0,0.0,0.0,0.0,0.0,0.0,0.0,0.0,0.0,0.0,0.0,0.0,0.0,0.0,0.0,0.0,0.0,0.0,0.0,0.0,0.0,0.0,0.0,0.0,0.0,0.0,0.0,0.0,0.0,0.0,0.0,0.0,0.0,0.0,0.0,0.0,0.0,0.0,0.0,0.0,0.0,0.0,0.0,0.0,0.0,Defined Synthetic Media,Lactate Only
Brodowski_2022_EXTERNAL_ACETATE,SRR13989642,B1,CSTR,107,685.0,,,2.0,1.0,1.0,46.0,1.0,9.0,0.0,212.0,4.0,5.0,0.0,,0.0,,0.0,5.5,30,5.0,,80.0,196.0,22856.0,0.0,0.0,0.0,172.0,0.0,67.0,199.0,0.0,28.0,0.0,41.0,800.0,11.0,6743.0,22.0,0.0,0.0,0.0,416.0,0.0,0.0,13.0,0.0,0.0,0.0,0.0,0.0,0.0,0.0,0.0,27.0,0.0,0.0,0.0,0.0,0.0,360.0,63.0,0.0,57.0,0.0,0.0,135.0,92.0,1.0,0.0,0.0,926.0,0.0,971.0,1585.0,0.0,0.0,91.0,0.0,55.0,0.0,0.0,0.0,85.0,279.0,722,0.0,0.0,0.0,0.0,0.0,0.0,0.0,0.0,0.0,0.0,0.0,0.0,0.0,0.0,0.0,0.0,0.0,0.0,0.0,0.0,0.0,0.0,0.0,0.0,0.0,0.0,0.0,0.0,0.0,0.0,0.0,0.0,0.0,0.0,0.0,0.0,0.0,0.0,0.0,0.0,0.0,0.0,0.0,0.0,0.0,0.0,0.0,0.0,0.0,0.0,0.0,0.0,0.0,0.0,0.0,0.0,0.0,0.0,0.0,0.0,0.0,0.0,0.0,0.0,0.0,0.0,0.0,0.0,0.0,0.0,0.0,0.0,0.0,0.0,0.0,0.0,0.0,0.0,0.0,0.0,0.0,0.0,0.0,0.0,0.0,0.0,0.0,0.0,0.0,0.0,0.0,0.0,0.0,0.0,0.0,0.0,0.0,0.0,0.0,0.0,0.0,0.0,0.0,0.0,0.0,Defined Synthetic Media,Lactate Only
Brodowski_2022_EXTERNAL_ACETATE,SRR13989641,B1,CSTR,112,125.0,,,6.0,0.0,2.0,217.0,1.0,12.0,0.0,343.0,4.0,4.0,0.0,,0.0,,0.0,5.5,30,5.0,,82.0,120.0,25422.0,0.0,0.0,0.0,183.0,0.0,34.0,112.0,0.0,0.0,0.0,39.0,788.0,0.0,10705.0,32.0,0.0,0.0,0.0,734.0,0.0,0.0,21.0,0.0,0.0,0.0,0.0,0.0,0.0,0.0,0.0,0.0,0.0,0.0,0.0,0.0,0.0,350.0,31.0,0.0,0.0,0.0,64.0,94.0,122.0,13.0,0.0,0.0,1006.0,0.0,461.0,2750.0,0.0,0.0,88.0,0.0,177.0,0.0,0.0,0.0,92.0,131.0,693,0.0,0.0,0.0,0.0,0.0,0.0,0.0,0.0,0.0,0.0,0.0,0.0,0.0,0.0,0.0,0.0,0.0,0.0,0.0,0.0,0.0,0.0,0.0,0.0,0.0,0.0,0.0,0.0,0.0,0.0,0.0,0.0,0.0,0.0,0.0,0.0,0.0,0.0,0.0,0.0,0.0,0.0,0.0,0.0,0.0,0.0,0.0,0.0,0.0,0.0,0.0,0.0,0.0,0.0,0.0,0.0,0.0,0.0,0.0,0.0,0.0,0.0,0.0,0.0,0.0,0.0,0.0,0.0,0.0,0.0,0.0,0.0,0.0,0.0,0.0,0.0,0.0,0.0,0.0,0.0,0.0,0.0,0.0,0.0,0.0,0.0,0.0,0.0,0.0,0.0,0.0,0.0,0.0,0.0,0.0,0.0,0.0,0.0,0.0,0.0,0.0,0.0,0.0,0.0,0.0,Defined Synthetic Media,Lactate Only
Brodowski_2022_EXTERNAL_ACETATE,SRR13989640,B1,CSTR,118,517.0,,,2.0,1.0,1.0,95.0,1.0,9.0,0.0,280.0,3.0,6.0,0.0,,0.0,,0.0,5.5,30,5.0,,179.0,140.0,35183.0,0.0,0.0,0.0,386.0,0.0,80.0,105.0,0.0,0.0,0.0,46.0,1231.0,44.0,3777.0,21.0,0.0,0.0,0.0,141.0,0.0,0.0,21.0,45.0,0.0,0.0,0.0,0.0,0.0,0.0,0.0,0.0,0.0,0.0,0.0,0.0,0.0,51.0,24.0,0.0,29.0,0.0,0.0,157.0,96.0,0.0,0.0,0.0,478.0,0.0,725.0,1814.0,0.0,0.0,52.0,0.0,212.0,0.0,0.0,0.0,61.0,80.0,326,0.0,0.0,0.0,0.0,0.0,0.0,0.0,0.0,0.0,0.0,0.0,0.0,0.0,0.0,0.0,0.0,0.0,0.0,0.0,0.0,0.0,0.0,0.0,0.0,0.0,0.0,0.0,0.0,0.0,0.0,0.0,0.0,0.0,0.0,0.0,0.0,0.0,0.0,0.0,0.0,0.0,0.0,0.0,0.0,0.0,0.0,0.0,0.0,0.0,0.0,0.0,0.0,0.0,0.0,0.0,0.0,0.0,0.0,0.0,0.0,0.0,0.0,0.0,0.0,0.0,0.0,0.0,0.0,0.0,0.0,0.0,0.0,0.0,0.0,0.0,0.0,0.0,0.0,0.0,0.0,0.0,0.0,0.0,0.0,0.0,0.0,0.0,0.0,0.0,0.0,0.0,0.0,0.0,0.0,0.0,0.0,0.0,0.0,0.0,0.0,0.0,0.0,0.0,0.0,0.0,Defined Synthetic Media,Lactate Only
Brodowski_2022_EXTERNAL_ACETATE,SRR13989639,B1,CSTR,140,0.0,,,0.0,0.0,0.0,305.0,0.0,2.0,0.0,318.0,0.0,1.0,0.0,,0.0,,0.0,5.5,30,5.0,,50.0,32.0,14097.0,0.0,0.0,0.0,41.0,0.0,42.0,40.0,0.0,0.0,0.0,0.0,143.0,0.0,43316.0,0.0,0.0,0.0,0.0,32.0,0.0,5.0,0.0,0.0,0.0,0.0,0.0,0.0,0.0,0.0,0.0,0.0,0.0,0.0,0.0,0.0,0.0,0.0,0.0,0.0,0.0,0.0,0.0,50.0,0.0,0.0,0.0,0.0,347.0,0.0,395.0,681.0,0.0,0.0,0.0,0.0,20.0,0.0,0.0,0.0,0.0,12.0,130,0.0,0.0,0.0,0.0,0.0,0.0,0.0,0.0,0.0,0.0,0.0,0.0,0.0,0.0,0.0,0.0,0.0,0.0,0.0,0.0,0.0,0.0,0.0,0.0,0.0,0.0,0.0,0.0,0.0,0.0,0.0,0.0,0.0,0.0,0.0,0.0,0.0,0.0,0.0,0.0,0.0,0.0,0.0,0.0,0.0,0.0,0.0,0.0,0.0,0.0,0.0,0.0,0.0,0.0,0.0,0.0,0.0,0.0,0.0,0.0,0.0,0.0,0.0,0.0,0.0,0.0,0.0,0.0,0.0,0.0,0.0,0.0,0.0,0.0,0.0,0.0,0.0,0.0,0.0,0.0,0.0,0.0,0.0,0.0,0.0,0.0,0.0,0.0,0.0,0.0,0.0,0.0,0.0,0.0,0.0,0.0,0.0,0.0,0.0,0.0,0.0,0.0,0.0,0.0,0.0,Defined Synthetic Media,Lactate + Acetate
Brodowski_2022_EXTERNAL_ACETATE,SRR13989652,B2,CSTR,22,5.0,,,58.0,0.0,1.0,56.0,1.0,0.0,0.0,161.0,0.0,2.0,0.0,,0.0,,0.0,5.5,30,5.0,,16791.0,0.0,15416.0,0.0,0.0,0.0,264.0,0.0,0.0,0.0,0.0,0.0,0.0,0.0,43.0,0.0,14589.0,0.0,0.0,0.0,0.0,391.0,0.0,0.0,0.0,0.0,0.0,0.0,0.0,0.0,0.0,0.0,0.0,124.0,0.0,0.0,0.0,0.0,0.0,7.0,9.0,0.0,0.0,0.0,0.0,732.0,0.0,0.0,0.0,0.0,909.0,0.0,1148.0,12.0,0.0,0.0,0.0,0.0,0.0,0.0,0.0,0.0,0.0,319.0,1059,0.0,0.0,0.0,0.0,0.0,0.0,0.0,0.0,0.0,0.0,0.0,0.0,0.0,0.0,0.0,0.0,0.0,0.0,0.0,0.0,0.0,0.0,0.0,0.0,0.0,0.0,0.0,0.0,0.0,0.0,0.0,0.0,0.0,0.0,0.0,0.0,0.0,0.0,0.0,0.0,0.0,0.0,0.0,0.0,0.0,0.0,0.0,0.0,0.0,0.0,0.0,0.0,0.0,0.0,0.0,0.0,0.0,0.0,0.0,0.0,0.0,0.0,0.0,0.0,0.0,0.0,0.0,0.0,0.0,0.0,0.0,0.0,0.0,0.0,0.0,0.0,0.0,0.0,0.0,0.0,0.0,0.0,0.0,0.0,0.0,0.0,0.0,0.0,0.0,0.0,0.0,0.0,0.0,0.0,0.0,0.0,0.0,0.0,0.0,0.0,0.0,0.0,0.0,0.0,0.0,Defined Synthetic Media,Lactate + Acetate
Brodowski_2022_EXTERNAL_ACETATE,SRR13989651,B2,CSTR,48,3.0,,,135.0,0.0,1.0,76.0,1.0,1.0,0.0,143.0,0.0,2.0,0.0,,0.0,,0.0,5.5,30,5.0,,4514.0,10.0,6072.0,0.0,0.0,0.0,211.0,0.0,19.0,0.0,0.0,0.0,0.0,27.0,72.0,0.0,16319.0,0.0,0.0,0.0,0.0,356.0,0.0,0.0,0.0,0.0,0.0,0.0,0.0,0.0,0.0,0.0,0.0,104.0,0.0,0.0,0.0,0.0,0.0,0.0,1117.0,0.0,0.0,0.0,0.0,923.0,33.0,0.0,0.0,0.0,766.0,0.0,2211.0,58.0,0.0,0.0,0.0,0.0,27.0,0.0,0.0,0.0,0.0,6057.0,985,0.0,0.0,0.0,0.0,0.0,0.0,0.0,0.0,0.0,0.0,0.0,0.0,0.0,0.0,0.0,0.0,0.0,0.0,0.0,0.0,0.0,0.0,0.0,0.0,0.0,0.0,0.0,0.0,0.0,0.0,0.0,0.0,0.0,0.0,0.0,0.0,0.0,0.0,0.0,0.0,0.0,0.0,0.0,0.0,0.0,0.0,0.0,0.0,0.0,0.0,0.0,0.0,0.0,0.0,0.0,0.0,0.0,0.0,0.0,0.0,0.0,0.0,0.0,0.0,0.0,0.0,0.0,0.0,0.0,0.0,0.0,0.0,0.0,0.0,0.0,0.0,0.0,0.0,0.0,0.0,0.0,0.0,0.0,0.0,0.0,0.0,0.0,0.0,0.0,0.0,0.0,0.0,0.0,0.0,0.0,0.0,0.0,0.0,0.0,0.0,0.0,0.0,0.0,0.0,0.0,Defined Synthetic Media,Lactate + Acetate
Brodowski_2022_EXTERNAL_ACETATE,SRR13989650,B2,CSTR,72,5.0,,,119.0,0.0,1.0,86.0,1.0,1.0,0.0,224.0,0.0,2.0,0.0,,0.0,,0.0,5.5,30,5.0,,237.0,74.0,30336.0,0.0,0.0,0.0,45.0,0.0,52.0,0.0,0.0,0.0,0.0,20.0,96.0,0.0,25587.0,0.0,0.0,0.0,0.0,270.0,0.0,0.0,0.0,0.0,0.0,0.0,0.0,0.0,0.0,0.0,0.0,0.0,0.0,0.0,0.0,0.0,0.0,73.0,699.0,0.0,0.0,0.0,64.0,345.0,0.0,13.0,0.0,0.0,614.0,0.0,444.0,70.0,0.0,0.0,0.0,0.0,11.0,0.0,0.0,0.0,0.0,3456.0,384,0.0,0.0,0.0,0.0,0.0,0.0,0.0,0.0,0.0,0.0,0.0,0.0,0.0,0.0,0.0,0.0,0.0,0.0,0.0,0.0,0.0,0.0,0.0,0.0,0.0,0.0,0.0,0.0,0.0,0.0,0.0,0.0,0.0,0.0,0.0,0.0,0.0,0.0,0.0,0.0,0.0,0.0,0.0,0.0,0.0,0.0,0.0,0.0,0.0,0.0,0.0,0.0,0.0,0.0,0.0,0.0,0.0,0.0,0.0,0.0,0.0,0.0,0.0,0.0,0.0,0.0,0.0,0.0,0.0,0.0,0.0,0.0,0.0,0.0,0.0,0.0,0.0,0.0,0.0,0.0,0.0,0.0,0.0,0.0,0.0,0.0,0.0,0.0,0.0,0.0,0.0,0.0,0.0,0.0,0.0,0.0,0.0,0.0,0.0,0.0,0.0,0.0,0.0,0.0,0.0,Defined Synthetic Media,Lactate + Acetate
Brodowski_2022_EXTERNAL_ACETATE,SRR13989649,B2,CSTR,88,0.0,,,114.0,1.0,1.0,68.0,1.0,2.0,0.0,384.0,0.0,3.0,0.0,,0.0,,0.0,5.5,30,5.0,,58.0,300.0,34126.0,0.0,0.0,0.0,0.0,0.0,38.0,0.0,0.0,0.0,0.0,177.0,190.0,0.0,18059.0,0.0,0.0,0.0,0.0,858.0,0.0,0.0,0.0,0.0,0.0,0.0,0.0,0.0,0.0,0.0,0.0,0.0,0.0,0.0,0.0,0.0,0.0,60.0,3763.0,0.0,42.0,0.0,120.0,37.0,27.0,0.0,0.0,0.0,151.0,0.0,404.0,169.0,0.0,0.0,154.0,0.0,34.0,0.0,0.0,0.0,0.0,1784.0,335,0.0,0.0,0.0,0.0,0.0,0.0,0.0,0.0,0.0,0.0,0.0,0.0,0.0,0.0,0.0,0.0,0.0,0.0,0.0,0.0,0.0,0.0,0.0,0.0,0.0,0.0,0.0,0.0,0.0,0.0,0.0,0.0,0.0,0.0,0.0,0.0,0.0,0.0,0.0,0.0,0.0,0.0,0.0,0.0,0.0,0.0,0.0,0.0,0.0,0.0,0.0,0.0,0.0,0.0,0.0,0.0,0.0,0.0,0.0,0.0,0.0,0.0,0.0,0.0,0.0,0.0,0.0,0.0,0.0,0.0,0.0,0.0,0.0,0.0,0.0,0.0,0.0,0.0,0.0,0.0,0.0,0.0,0.0,0.0,0.0,0.0,0.0,0.0,0.0,0.0,0.0,0.0,0.0,0.0,0.0,0.0,0.0,0.0,0.0,0.0,0.0,0.0,0.0,0.0,0.0,Defined Synthetic Media,Lactate + Acetate
Brodowski_2022_EXTERNAL_ACETATE,SRR13989648,B2,CSTR,118,322.0,,,92.0,1.0,1.0,57.0,0.0,1.0,0.0,354.0,0.0,2.0,0.0,,0.0,,0.0,5.5,30,5.0,,25.0,243.0,37456.0,0.0,0.0,0.0,87.0,0.0,64.0,210.0,0.0,0.0,0.0,81.0,394.0,8.0,13831.0,0.0,0.0,0.0,0.0,27.0,0.0,0.0,0.0,0.0,0.0,0.0,0.0,0.0,0.0,0.0,0.0,0.0,0.0,0.0,0.0,0.0,0.0,63.0,120.0,0.0,64.0,0.0,0.0,891.0,45.0,2.0,0.0,0.0,1012.0,0.0,121.0,187.0,0.0,0.0,95.0,0.0,17.0,0.0,0.0,0.0,43.0,0.0,551,0.0,0.0,0.0,0.0,0.0,0.0,0.0,0.0,0.0,0.0,0.0,0.0,0.0,0.0,0.0,0.0,0.0,0.0,0.0,0.0,0.0,0.0,0.0,0.0,0.0,0.0,0.0,0.0,0.0,0.0,0.0,0.0,0.0,0.0,0.0,0.0,0.0,0.0,0.0,0.0,0.0,0.0,0.0,0.0,0.0,0.0,0.0,0.0,0.0,0.0,0.0,0.0,0.0,0.0,0.0,0.0,0.0,0.0,0.0,0.0,0.0,0.0,0.0,0.0,0.0,0.0,0.0,0.0,0.0,0.0,0.0,0.0,0.0,0.0,0.0,0.0,0.0,0.0,0.0,0.0,0.0,0.0,0.0,0.0,0.0,0.0,0.0,0.0,0.0,0.0,0.0,0.0,0.0,0.0,0.0,0.0,0.0,0.0,0.0,0.0,0.0,0.0,0.0,0.0,0.0,Defined Synthetic Media,Lactate + Acetate
Brodowski_2022_EXTERNAL_ACETATE,SRR13989647,B2,CSTR,140,241.0,,,53.0,0.0,1.0,85.0,0.0,1.0,0.0,354.0,0.0,2.0,0.0,,0.0,,0.0,5.5,30,5.0,,65.0,48.0,28426.0,0.0,0.0,0.0,123.0,0.0,38.0,0.0,0.0,0.0,0.0,26.0,340.0,0.0,38268.0,0.0,0.0,0.0,0.0,260.0,0.0,0.0,0.0,0.0,0.0,0.0,0.0,0.0,0.0,0.0,0.0,0.0,0.0,0.0,0.0,0.0,0.0,14.0,174.0,0.0,0.0,0.0,45.0,702.0,50.0,0.0,0.0,0.0,547.0,0.0,145.0,634.0,0.0,0.0,209.0,0.0,86.0,0.0,0.0,0.0,135.0,18.0,585,0.0,0.0,0.0,0.0,0.0,0.0,0.0,0.0,0.0,0.0,0.0,0.0,0.0,0.0,0.0,0.0,0.0,0.0,0.0,0.0,0.0,0.0,0.0,0.0,0.0,0.0,0.0,0.0,0.0,0.0,0.0,0.0,0.0,0.0,0.0,0.0,0.0,0.0,0.0,0.0,0.0,0.0,0.0,0.0,0.0,0.0,0.0,0.0,0.0,0.0,0.0,0.0,0.0,0.0,0.0,0.0,0.0,0.0,0.0,0.0,0.0,0.0,0.0,0.0,0.0,0.0,0.0,0.0,0.0,0.0,0.0,0.0,0.0,0.0,0.0,0.0,0.0,0.0,0.0,0.0,0.0,0.0,0.0,0.0,0.0,0.0,0.0,0.0,0.0,0.0,0.0,0.0,0.0,0.0,0.0,0.0,0.0,0.0,0.0,0.0,0.0,0.0,0.0,0.0,0.0,Defined Synthetic Media,Lactate + Acetate
Hanna_2025,sample_A1,B1,CSTR,d0,10.82371225577265,,8.569734947921077,107.8434637801832,1.13390928725702,,166.428328226081,,,,343.3884297520661,,,414.6733232038203,,,,,6.5,37,5.0,,45.1873528307682,0.0,0.0,189.786881889226,0.0,0.0,0.0,0.0,0.0,0.0,0.0,0.0,0.0,0.0,0.0,0.0,6882.20132022016,0.0,0.0,0.0,0.0,2474.34490295866,0.0,0.0,0.0,0.0,0.0,0.0,0.0,0.0,0.0,0.0,0.0,0.0,0.0,2917.66077873872,0.0,0.0,0.0,0.0,0.0,0.0,0.0,0.0,0.0,16.0666143400267,0.0,0.0,0.0,0.0,0.0,0.0,0.0,0.0,73.3039094843317,0.0,0.0,0.0,0.0,0.0,0.0,73.2536461716782,0.0,0.0,0,0.0,309.282325914952,0.0,0.0,0.0,0.0,0.0,0.0,0.0,0.0,0.0,0.0,0.0,0.0,0.0,0.0,0.0,0.0,0.0,0.0,0.0,0.0,35.7572041556884,0.0,0.0,0.0,0.0,0.0,0.0,0.0,0.0,0.0,0.0,0.0,0.0,0.0,0.0,0.0,13.0541241511108,0.0,0.0,0.0,31.1290652834181,0.0,0.0,0.0,0.0,12.0499607548715,0.0,47.2459613770369,0.0,0.0,0.0,0.0,0.0,0.0,0.0,33.1373920758967,0.0,0.0,0.0,14594.4990782814,0.0,0.0,479.991818535932,97.4038374326423,0.0,0.0,18.0749411323073,0.0,0.0,0.0,15.0624509435894,0.0,0.0,0.0,0.0,481.484942667883,0.0,0.0,0.0,0.0,0.0,0.0,0.0,0.0,0.0,21.4067198553218,0.0,0.0,0.0,0.0,335.54932778346,0.0,0.0,0.0,79.3289083012429,0.0,0.0,0.0,0.0,124.515375323988,0.0,0.0,24.2211593937448,Complex Organic Waste,OFMSW
Hanna_2025,sample_A10,B1,CSTR,d49,0.0,,4.505038529934796,192.9059117402165,67.79157667386609,,169.2429917149018,,,,111.7252066115702,,,174.4579986976341,,,,,5.5,37,5.0,,0.0,0.0,0.0,24.0905556825978,0.0,0.0,0.0,0.0,0.0,0.0,0.0,0.0,0.0,0.0,0.0,0.0,6008.055806694,0.0,0.0,0.0,0.0,5697.08735032811,0.0,0.0,0.0,0.0,0.0,0.0,0.0,0.0,0.0,20.0737417764626,0.0,0.0,0.0,3447.77321441856,10.4476396897641,0.0,0.0,0.0,0.0,0.0,0.0,0.0,0.0,0.0,0.0,0.0,0.0,0.0,0.0,0.0,0.0,0.0,0.0,0.0,0.0,0.0,0.0,0.0,0.0,0.0,0.0,0.0,0,0.0,3896.52283744547,0.0,0.0,124.819068324614,0.0,30.8199744582038,0.0,0.0,0.0,0.0,0.0,0.0,0.0,0.0,0.0,0.0,0.0,0.0,0.0,0.0,0.0,79.0612186401165,0.0,0.0,0.0,0.0,0.0,0.0,0.0,0.0,0.0,0.0,0.0,0.0,0.0,0.0,0.0,62.6443663096728,0.0,34.1282678822949,38.1433799987691,0.0,0.0,0.0,0.0,0.0,0.0,0.0,0.0,0.0,26.9413249955149,0.0,0.0,0.0,0.0,0.0,0.0,0.0,0.0,0.0,676.54310659954,0.0,0.0,55.2075234392865,0.0,0.0,0.0,0.0,0.0,0.0,0.0,0.0,0.0,0.0,0.0,0.0,1664.67191806903,45.627412344593,0.0,0.0,0.0,0.0,0.0,26.0981019894634,297.932484039967,0.0,52.1984132214297,0.0,0.0,0.0,26.4111031861835,0.0,35.1318709792084,0.0,0.0,2588.69350312806,0.0,1104.29858270252,0.0,0.0,18.0679167619483,0.0,0.0,245.509316894574,Complex Organic Waste,OFMSW
Hanna_2025,sample_A11,B1,CSTR,d49,0.0,,4.505038529934796,192.9059117402165,67.79157667386609,,169.2429917149018,,,,111.7252066115702,,,174.4579986976341,,,,,5.5,37,5.0,,0.0,0.0,0.0,17.0488080260654,0.0,0.0,0.0,0.0,0.0,0.0,0.0,0.0,0.0,0.0,0.0,0.0,5604.3152926657,0.0,0.0,0.0,0.0,6982.4840980546,0.0,0.0,0.0,0.0,0.0,0.0,0.0,0.0,0.0,61.1076857635497,0.0,0.0,0.0,4103.92791484464,21.1606922877609,0.0,0.0,0.0,0.0,0.0,0.0,0.0,0.0,0.0,0.0,0.0,0.0,0.0,0.0,0.0,0.0,0.0,0.0,0.0,0.0,0.0,0.0,0.0,0.0,0.0,0.0,0.0,0,0.0,5081.62717995115,0.0,0.0,160.73861078823,11.0325642116488,33.9103660345934,0.0,0.0,0.0,0.0,0.0,0.0,0.0,0.0,15.0902741621877,0.0,13.142173198496,0.0,0.0,11.0315993234813,0.0,103.803780630714,0.0,0.0,0.0,0.0,0.0,0.0,0.0,0.0,0.0,0.0,0.0,0.0,0.0,12.0344505157854,0.0,57.1664074631179,0.0,47.1349383018441,57.8929274193762,0.0,0.0,0.0,0.0,0.0,0.0,0.0,0.0,0.0,30.2064852045308,0.0,0.0,0.0,0.0,0.0,0.0,0.0,0.0,0.0,693.469028810511,0.0,0.0,36.1033581728443,13.037323784639,0.0,0.0,0.0,0.0,0.0,0.0,16.0459369657086,0.0,0.0,0.0,0.0,1754.04940062029,47.0847214811713,0.0,0.0,0.0,0.0,0.0,30.5121930021618,387.407514845048,0.0,48.1389783405118,0.0,0.0,0.0,37.0352559095596,0.0,46.2936390319627,0.0,0.0,2313.73052708118,0.0,2928.82330999052,0.0,0.0,0.0,0.0,0.0,311.412563116432,Complex Organic Waste,OFMSW
Hanna_2025,sample_A12,B1,CSTR,d49,0.0,,4.505038529934796,192.9059117402165,67.79157667386609,,169.2429917149018,,,,111.7252066115702,,,174.4579986976341,,,,,5.5,37,5.0,,0.0,0.0,0.0,24.0691951595874,0.0,0.0,0.0,14.0408618485821,0.0,0.0,0.0,0.0,0.0,0.0,0.0,0.0,4748.78982997027,0.0,0.0,0.0,0.0,6053.67438810978,0.0,0.0,0.0,0.0,0.0,0.0,0.0,0.0,0.0,41.625290105758,0.0,0.0,0.0,3066.18716998577,13.039531405628,0.0,0.0,0.0,0.0,0.0,0.0,0.0,0.0,0.0,0.0,0.0,0.0,0.0,0.0,0.0,0.0,0.0,0.0,0.0,0.0,0.0,0.0,0.0,0.0,0.0,0.0,0.0,0,0.0,3684.87610836062,0.0,0.0,115.171438238613,0.0,31.3284806719908,0.0,0.0,0.0,0.0,0.0,0.0,0.0,0.0,0.0,0.0,0.0,0.0,0.0,0.0,0.0,72.2047802414684,0.0,0.0,0.0,0.0,0.0,0.0,0.0,0.0,0.0,0.0,0.0,0.0,0.0,0.0,0.0,44.126857848235,0.0,38.0850099678038,29.712419425099,0.0,0.0,0.0,0.0,0.0,0.0,0.0,0.0,0.0,26.0749889994339,0.0,0.0,0.0,0.0,0.0,22.0634288962885,0.0,0.0,0.0,542.557245271359,0.0,0.0,31.0893770811338,0.0,0.0,0.0,0.0,0.0,0.0,0.0,10.0288313164948,0.0,0.0,0.0,0.0,1456.56133443425,43.0599124253032,0.0,0.0,0.0,0.0,0.0,30.0869543894257,333.674558581042,0.0,57.1643788562045,0.0,0.0,0.0,31.4544047128563,0.0,23.4019200670891,0.0,0.0,1896.45462472206,0.0,1914.38734475092,0.0,0.0,13.0374799766843,0.0,0.0,288.971854180246,Complex Organic Waste,OFMSW
Hanna_2025,sample_A2,B1,CSTR,d0,10.82371225577265,,8.569734947921077,107.8434637801832,1.13390928725702,,166.428328226081,,,,343.3884297520661,,,414.6733232038203,,,,,6.5,37,5.0,,46.2075141395098,0.0,0.0,259.163917740658,0.0,0.0,0.0,0.0,0.0,0.0,0.0,0.0,0.0,0.0,0.0,0.0,6432.51032050547,0.0,0.0,0.0,0.0,2573.65918620669,0.0,0.0,0.0,0.0,0.0,0.0,0.0,0.0,0.0,0.0,0.0,0.0,0.0,2931.16173739036,0.0,0.0,0.0,0.0,0.0,0.0,0.0,0.0,0.0,24.1082682467008,0.0,0.0,0.0,0.0,0.0,0.0,0.0,0.0,77.3473606248317,0.0,0.0,0.0,0.0,0.0,0.0,103.762713025854,0.0,0.0,0,0.0,248.761198803531,0.0,0.0,0.0,0.0,0.0,0.0,0.0,0.0,0.0,0.0,0.0,0.0,0.0,0.0,0.0,0.0,0.0,0.0,0.0,0.0,50.6151785196458,0.0,0.0,0.0,0.0,0.0,0.0,0.0,0.0,0.0,0.0,0.0,0.0,0.0,0.0,0.0,0.0,0.0,0.0,0.0,35.1578911931053,0.0,0.0,0.0,0.0,0.0,0.0,46.9139634016444,0.0,0.0,0.0,0.0,0.0,0.0,0.0,46.2075141395098,0.0,0.0,0.0,15229.8503207539,0.0,0.0,483.181168033618,124.559385941312,0.0,0.0,11.3970545759449,0.0,0.0,0.0,0.0,0.0,0.0,0.0,0.0,512.88285061637,0.0,0.0,0.0,0.0,0.0,0.0,0.0,0.0,0.0,17.1049432065628,0.0,0.0,0.0,0.0,366.412911984671,0.0,0.0,0.0,81.3656687096002,0.0,0.0,0.0,0.0,108.15193047366,0.0,0.0,27.5170017681476,Complex Organic Waste,OFMSW
Hanna_2025,sample_A3,B1,CSTR,d0,10.82371225577265,,8.569734947921077,107.8434637801832,1.13390928725702,,166.428328226081,,,,343.3884297520661,,,414.6733232038203,,,,,6.5,37,5.0,,44.1668496158068,0.0,0.0,136.515716994312,0.0,0.0,0.0,0.0,0.0,0.0,0.0,0.0,0.0,0.0,0.0,0.0,6880.84351844239,0.0,0.0,0.0,0.0,2290.31737136352,0.0,0.0,0.0,0.0,0.0,0.0,0.0,0.0,0.0,0.0,0.0,0.0,0.0,2811.69913138257,0.0,0.0,0.0,0.0,0.0,0.0,0.0,0.0,0.0,24.0910088813492,0.0,0.0,0.0,0.0,0.0,0.0,0.0,0.0,82.3109470116962,0.0,0.0,0.0,0.0,0.0,0.0,58.4892424518687,0.0,0.0,0,0.0,338.277916388763,0.0,0.0,0.0,0.0,0.0,0.0,0.0,0.0,0.0,0.0,0.0,0.0,0.0,0.0,0.0,0.0,0.0,0.0,0.0,0.0,37.2127073665159,0.0,0.0,0.0,0.0,0.0,0.0,0.0,0.0,0.0,0.0,0.0,0.0,0.0,0.0,0.0,0.0,0.0,0.0,0.0,23.0872168446263,0.0,0.0,0.0,0.0,14.0530885141203,0.0,53.9356335340846,0.0,0.0,0.0,0.0,0.0,0.0,0.0,50.1896018361441,0.0,0.0,0.0,15743.268400654,0.0,0.0,459.754724140428,88.3337531021021,0.0,0.0,0.0,0.0,0.0,0.0,0.0,0.0,0.0,0.0,0.0,466.587363075184,0.0,0.0,0.0,0.0,0.0,0.0,0.0,0.0,0.0,19.071826153267,0.0,0.0,0.0,0.0,353.321523817634,0.0,0.0,0.0,76.2881948745407,0.0,0.0,0.0,0.0,95.3555601087069,0.0,0.0,29.82870344563,Complex Organic Waste,OFMSW
Hanna_2025,sample_A4,B1,CSTR,d15,14.0208703374778,,119.0617325768482,206.7610324729392,70.58585313174947,,178.5041425490864,,,,110.7438016528926,,,44.15020620794443,,,,,6.5,37,5.0,,48.2906396922639,0.0,0.0,4223.41886263072,0.0,0.0,0.0,24.1453198461319,0.0,0.0,0.0,37.2240303415246,0.0,0.0,0.0,0.0,4188.78439508088,0.0,0.0,0.0,0.0,5308.30875072993,0.0,0.0,0.0,0.0,0.0,0.0,72.4359595383958,0.0,0.0,0.0,0.0,0.0,20.1209939838352,3926.34052873613,0.0,0.0,0.0,0.0,0.0,0.0,0.0,0.0,0.0,74.4508140148971,0.0,0.0,0.0,0.0,0.0,0.0,0.0,0.0,13.0787149166548,0.0,0.0,0.0,0.0,0.0,0.0,120.484422194024,0.0,0.0,0,0.0,170.02329391652,0.0,0.0,16.3371464715798,0.0,0.0,0.0,0.0,0.0,0.0,0.0,0.0,0.0,0.0,0.0,0.0,0.0,0.0,23.1392648525431,0.0,0.0,57.8658956879026,0.0,0.0,0.0,0.0,0.0,0.0,0.0,0.0,0.0,0.0,0.0,0.0,0.0,0.0,0.0,0.0,0.0,0.0,0.0,308.858972603328,17.1028453194527,0.0,0.0,0.0,0.0,22.1336530999117,123.986492115381,0.0,0.0,0.0,0.0,0.0,0.0,55.3330246473857,92.5570594101724,0.0,0.0,0.0,5109.26547024819,0.0,0.0,0.0,19.1150448781878,0.0,112.678159264472,318.730414009122,0.0,0.0,0.0,0.0,51.3135077055832,0.0,0.0,45.2724747114974,1821.20499845673,0.0,0.0,0.0,0.0,90.5449494232275,12.072633882578,0.0,0.0,66.3996295263651,16.0984367926584,0.0,0.0,0.0,0.0,862.38643261392,0.0,0.0,0.0,658.204762243529,79.4736414609647,0.0,18.1089898845989,0.0,0.0,0.0,0.0,20.7093750687643,Complex Organic Waste,OFMSW
Hanna_2025,sample_A5,B1,CSTR,d15,14.0208703374778,,119.0617325768482,206.7610324729392,70.58585313174947,,178.5041425490864,,,,110.7438016528926,,,44.15020620794443,,,,,6.5,37,5.0,,40.1927352396101,0.0,0.0,3377.19809149718,0.0,0.0,0.0,29.1397362509963,0.0,0.0,0.0,36.173465690892,0.0,0.0,0.0,0.0,3748.87797572878,0.0,0.0,0.0,0.0,5450.40863439626,0.0,0.0,0.0,0.0,0.0,0.0,10.0481849141367,0.0,0.0,0.0,0.0,0.0,0.0,3697.62856931694,0.0,0.0,0.0,0.0,0.0,0.0,0.0,0.0,0.0,65.5305495311882,0.0,0.0,0.0,0.0,0.0,0.0,0.0,0.0,0.0,0.0,0.0,0.0,0.0,0.0,0.0,66.8638699239513,0.0,0.0,0,0.0,186.896239398503,0.0,0.0,19.3578221736598,0.0,0.0,0.0,0.0,0.0,0.0,0.0,0.0,0.0,0.0,0.0,0.0,0.0,0.0,0.0,0.0,0.0,57.0219544749666,0.0,14.0674588797913,0.0,0.0,0.0,0.0,0.0,0.0,0.0,0.0,0.0,0.0,0.0,11.1956763106906,0.0,0.0,0.0,0.0,0.0,273.31062945327,0.0,0.0,0.0,0.0,0.0,11.0530034055224,59.7432599941985,0.0,0.0,0.0,0.0,0.0,0.0,59.2842909934063,76.3662054530952,0.0,0.0,0.0,6333.51533307349,0.0,0.0,0.0,19.0915513368596,0.0,140.674588798012,325.065408891892,0.0,0.0,0.0,0.0,64.4021688028066,0.0,0.0,45.2166460575354,1591.71121999842,0.0,0.0,0.0,11.0530034055503,136.655314834078,0.0,0.0,0.0,69.2146897164644,21.101188303437,0.0,0.0,0.0,0.0,895.272954177859,0.0,0.0,13.9249720307306,637.256638530029,83.3061494350023,0.0,13.0626403883777,0.0,19.0976409261182,0.0,0.0,25.0195382663304,Complex Organic Waste,OFMSW
Hanna_2025,sample_A6,B1,CSTR,d15,14.0208703374778,,119.0617325768482,206.7610324729392,70.58585313174947,,178.5041425490864,,,,110.7438016528926,,,44.15020620794443,,,,,6.5,37,5.0,,34.1984435797665,0.0,0.0,4258.75539775126,0.0,0.0,0.0,23.1342412451362,0.0,0.0,0.0,37.215953307393,0.0,0.0,0.0,0.0,4132.30467867205,0.0,0.0,0.0,0.0,4649.38088843722,0.0,0.0,0.0,0.0,0.0,0.0,0.0,0.0,0.0,0.0,0.0,0.0,20.1190137114777,3846.91591292247,0.0,0.0,0.0,0.0,0.0,0.0,0.0,0.0,0.0,85.4961089494163,0.0,0.0,0.0,0.0,0.0,0.0,0.0,0.0,0.0,0.0,0.0,0.0,0.0,0.0,0.0,71.5711574814089,0.0,0.0,0,0.0,193.120622568093,0.0,0.0,0.0,0.0,0.0,0.0,0.0,0.0,0.0,0.0,0.0,0.0,0.0,0.0,0.0,0.0,0.0,0.0,0.0,0.0,66.2971278705831,0.0,11.0642023346303,0.0,0.0,0.0,0.0,0.0,0.0,0.0,0.0,0.0,0.0,0.0,0.0,0.0,0.0,0.0,0.0,0.0,293.702528620457,19.112659178162,0.0,0.0,0.0,0.0,13.0551649376338,81.3367126005042,0.0,0.0,0.0,0.0,0.0,0.0,55.3209989718089,90.5252918298686,0.0,0.0,0.0,6005.88454116408,0.0,0.0,0.0,16.0933852140078,0.0,113.66301829007,332.969834216182,0.0,0.0,0.0,0.0,58.3385889832296,0.0,0.0,55.3210116731518,1576.49314345776,0.0,0.0,0.0,12.0700389105058,107.624513618677,0.0,0.0,0.0,59.3420757825948,0.0,0.0,0.0,0.0,0.0,891.151870902438,0.0,0.0,0.0,610.265746695248,73.426002456459,0.0,0.0,0.0,0.0,0.0,0.0,22.7291236662345,Complex Organic Waste,OFMSW
Hanna_2025,sample_A7,B1,CSTR,d35,0.0,,15.10712168684901,114.4379683597002,153.9686825053996,,86.98218136420384,,,,47.10743801652893,,,9.367050141089646,,,,,6.5,37,5.0,,0.0,0.0,0.0,1501.3811111169,0.0,0.0,0.0,82.5167364792231,0.0,0.0,0.0,15.0945249657115,0.0,0.0,0.0,0.0,4554.43063003869,0.0,0.0,0.0,0.0,3351.54029759352,0.0,0.0,0.0,0.0,0.0,0.0,0.0,0.0,0.0,0.0,80.9128286722558,0.0,61.6242953906271,940.098060195103,0.0,0.0,0.0,0.0,0.0,0.0,0.0,0.0,0.0,251.488705106472,0.0,0.0,0.0,0.0,0.0,0.0,0.0,0.0,69.4348148066128,0.0,0.0,0.0,0.0,0.0,0.0,60.097473248319,0.0,0.0,1,0.0,288.808501054109,0.0,0.0,22.0796702535598,0.0,0.0,0.0,0.0,0.0,0.0,0.0,0.0,16.1008266300923,146.522041151246,0.0,21.0643293924589,0.0,0.0,0.0,0.0,0.0,161.773882256612,0.0,10.0630166438077,0.0,0.0,0.0,0.0,0.0,0.0,0.0,0.0,0.0,0.0,22.6364439262362,70.8607322859451,77.1949953384589,0.0,0.0,0.0,0.0,102.642769738646,54.0867414928339,0.0,0.0,16.0430400573436,0.0,15.0945281084433,68.7091366496876,0.0,0.0,0.0,0.0,0.0,0.0,353.21461737521,3743.99889409883,0.0,0.0,0.0,3966.03535882013,554.522168199407,0.0,853.27011139902,20.1260334496315,0.0,54.340183938759,196.936423314436,152.641895848,0.0,0.0,15.0945249657115,161.554343198485,0.0,0.0,410.071995934252,838.16015652026,0.0,0.0,0.0,0.0,130.8192163695,0.0,0.0,0.0,50.3150832208473,12.0756199766202,0.0,0.0,0.0,0.0,900.868676552092,0.0,0.0,87.4201376639381,2013.18102454101,531.889263528998,0.0,0.0,20.9936061729601,0.0,0.0,0.0,17.1705323189364,Complex Organic Waste,OFMSW
Hanna_2025,sample_A8,B1,CSTR,d35,0.0,,15.10712168684901,114.4379683597002,153.9686825053996,,86.98218136420384,,,,47.10743801652893,,,9.367050141089646,,,,,6.5,37,5.0,,0.0,0.0,0.0,1295.23394282902,0.0,0.0,0.0,71.4543192321365,0.0,0.0,0.0,15.0959272826279,0.0,0.0,0.0,0.0,4527.24828505739,0.0,0.0,0.0,0.0,3062.86489964773,0.0,0.0,0.0,0.0,0.0,0.0,0.0,0.0,0.0,0.0,44.1178559756412,0.0,76.4099257052849,814.189931771432,0.0,0.0,0.0,0.0,0.0,0.0,0.0,0.0,0.0,208.085587899249,0.0,0.0,0.0,0.0,0.0,0.0,0.0,0.0,43.2751510842517,0.0,0.0,0.0,0.0,0.0,0.0,78.6628496613324,0.0,0.0,0,0.0,252.606114468538,0.0,0.0,16.6278140629243,0.0,0.0,0.0,0.0,16.0752997624397,0.0,0.0,0.0,18.1151795236402,71.7646953648375,0.0,17.1082577695587,0.0,0.0,0.0,0.0,0.0,134.609470295498,0.0,13.083185211518,0.0,0.0,0.0,0.0,0.0,0.0,0.0,0.0,0.0,0.0,12.9144848890103,35.1106767436931,58.3751962657796,0.0,0.0,0.0,0.0,133.050468624466,33.1745102061404,0.0,0.0,12.1115576097738,0.0,22.1407960393851,77.3289529484104,0.0,0.0,0.0,0.0,19.7143845891411,0.0,304.936994769309,3498.3993957383,0.0,0.0,0.0,3316.30357675911,462.916318621227,0.0,832.572564679272,14.0895840739424,0.0,48.3071454417171,228.469989856312,95.1291351157358,0.0,0.0,0.0,194.637970382927,0.0,0.0,270.910481037092,961.998599742139,0.0,0.0,0.0,0.0,120.767863491686,18.3887044158803,0.0,0.0,43.3422843274911,12.0767863676404,0.0,0.0,0.0,0.0,1184.75011118701,0.0,0.0,68.5509391548613,1989.34190444346,576.344562759201,0.0,13.083185211518,17.0277759209476,0.0,0.0,0.0,26.1044059823864,Complex Organic Waste,OFMSW
Hanna_2025,sample_A9,B1,CSTR,d35,0.0,,15.10712168684901,114.4379683597002,153.9686825053996,,86.98218136420384,,,,47.10743801652893,,,9.367050141089646,,,,,6.5,37,5.0,,0.0,0.0,0.0,1587.87364107599,0.0,0.0,0.0,89.424418426925,0.0,0.0,0.0,22.1049124741188,0.0,0.0,0.0,0.0,5304.62537257717,0.0,0.0,0.0,0.0,3902.21946761634,0.0,0.0,0.0,0.0,0.0,0.0,0.0,0.0,0.0,0.0,49.704788564319,0.0,100.6344503481,1594.95654917797,13.0512803708594,0.0,0.0,0.0,0.0,0.0,0.0,0.0,0.0,195.929952381624,0.0,0.0,0.0,0.0,0.0,0.0,0.0,0.0,78.3719365704303,0.0,0.0,0.0,0.0,0.0,0.0,89.7871172415263,0.0,0.0,0,13.2385217841635,324.540306004399,0.0,0.0,19.5989469966608,0.0,0.0,0.0,0.0,0.0,0.0,10.0491831125337,0.0,22.5859518703281,183.356125692961,0.0,14.1263447760875,0.0,0.0,0.0,0.0,0.0,165.522046078358,0.0,19.0906061810307,0.0,0.0,0.0,0.0,0.0,0.0,0.0,0.0,0.0,0.0,22.292719850278,81.4853354117331,87.9280465252422,0.0,0.0,0.0,0.0,169.646541892998,64.2052127501157,0.0,0.0,21.1004195081399,12.0572249564393,21.7577345810775,123.571034827963,0.0,0.0,0.0,0.0,14.1903151352997,0.0,554.789630057191,3179.01290150042,0.0,0.0,0.0,6348.08726484257,745.057680472674,0.0,1215.19394933694,27.1287557032524,0.0,59.2782502382137,249.788657148087,190.763928879325,0.0,0.0,0.0,163.250630168756,0.0,0.0,424.683391988745,1060.76025861608,0.0,0.0,0.0,0.0,178.848836853852,17.0400843904744,0.0,0.0,74.3556195287843,14.0663505243296,0.0,0.0,0.0,0.0,866.578026990686,0.0,0.0,117.091691074103,2397.97195778371,506.813727655968,0.0,12.0572249564393,16.1926959630294,0.0,0.0,0.0,31.1619805653006,Complex Organic Waste,OFMSW
Hanna_2025,sample_B1,B1,CSTR,d77,134.9800177619893,,4.47116605978491,51.59034138218151,2.632289416846652,,104.1425490863693,,,,14.51446280991736,,,288.6042978076839,,,,,5.5,50,5.0,,0.0,0.0,0.0,0.0,0.0,0.0,0.0,0.0,0.0,0.0,381.621900911968,28.0676683828938,0.0,0.0,0.0,0.0,4252.0755079857,0.0,0.0,0.0,0.0,12.0290007355259,0.0,0.0,0.0,0.0,0.0,0.0,0.0,0.0,0.0,0.0,0.0,0.0,0.0,26.0628349269728,0.0,0.0,0.0,0.0,0.0,0.0,0.0,0.0,0.0,0.0,0.0,0.0,0.0,0.0,0.0,0.0,0.0,0.0,0.0,0.0,0.0,0.0,0.0,0.0,6430.93472122044,0.0,0.0,0.0,0,0.0,0.0,0.0,0.0,0.0,0.0,0.0,0.0,0.0,0.0,0.0,0.0,0.0,0.0,0.0,0.0,0.0,0.0,0.0,0.0,0.0,0.0,16.6490926600776,0.0,0.0,0.0,0.0,0.0,0.0,11.3106068732367,0.0,0.0,0.0,0.0,0.0,0.0,0.0,0.0,0.0,0.0,0.0,0.0,0.0,0.0,0.0,0.0,0.0,0.0,0.0,0.0,0.0,0.0,0.0,0.0,0.0,0.0,0.0,50.1208363980246,0.0,0.0,0.0,342.769518134711,0.0,0.0,278.232317150802,0.0,0.0,0.0,0.0,0.0,0.0,0.0,0.0,0.0,0.0,0.0,0.0,0.0,0.0,0.0,0.0,0.0,0.0,0.0,0.0,0.0,0.0,0.0,0.0,0.0,0.0,0.0,0.0,0.0,0.0,0.0,12.0290007355192,0.0,0.0,0.0,0.0,16778.0969938841,0.0,0.0,0.0,Complex Organic Waste,OFMSW
Hanna_2025,sample_B10,B1,CSTR,d127,0.0,,107.7144550766365,198.5345545378851,131.0070194384449,,79.21915787084328,,,,33.26446280991735,,,232.9064467115259,,,,,7.0,37,2.5,,0.0,0.0,0.0,1136.60293567689,0.0,0.0,0.0,58.3389117427076,0.0,0.0,0.0,0.0,0.0,0.0,0.0,0.0,282.921548070132,0.0,0.0,0.0,0.0,1088.32545340848,0.0,0.0,0.0,0.0,0.0,0.0,0.0,0.0,0.0,0.0,0.0,0.0,27.1577692585654,875.525960490984,0.0,0.0,0.0,0.0,0.0,0.0,0.0,0.0,0.0,98.5726439789144,0.0,0.0,0.0,0.0,0.0,0.0,0.0,0.0,21.1227094240838,0.0,0.0,0.0,0.0,0.0,0.0,0.0,0.0,0.0,0,0.0,27.1577692595363,0.0,0.0,21.1498055900897,0.0,0.0,0.0,0.0,0.0,319.802017339424,0.0,0.0,0.0,0.0,0.0,0.0,0.0,0.0,0.0,0.0,0.0,0.0,0.0,0.0,21.1227094240838,0.0,0.0,0.0,0.0,0.0,0.0,0.0,0.0,0.0,0.0,0.0,0.0,0.0,0.0,0.0,0.0,10.0584330590875,21.1228517028681,0.0,0.0,32.1872677906224,0.0,0.0,0.0,0.0,0.0,0.0,0.0,0.0,0.0,0.0,9702.42054081528,0.0,0.0,0.0,3752.01821739846,0.0,0.0,2913.2740547515,24.14023934181,0.0,44.257105459985,0.0,22.1178579594652,0.0,0.0,0.0,49.3571082318993,0.0,0.0,50.2921652954375,652.471218773146,0.0,0.0,0.0,0.0,14.0818062827225,0.0,0.0,0.0,15.0876495886313,12.0809527663884,0.0,0.0,0.0,0.0,60.350624498038,0.0,0.0,0.0,29.1694558713538,101.519387654413,0.0,0.0,0.0,0.0,0.0,0.0,33.1928290949888,Complex Organic Waste,OFMSW
Hanna_2025,sample_B11,B1,CSTR,d127,0.0,,107.7144550766365,198.5345545378851,131.0070194384449,,79.21915787084328,,,,33.26446280991735,,,232.9064467115259,,,,,7.0,37,2.5,,0.0,0.0,0.0,2211.34300089946,0.0,21.663637547283,0.0,51.2630701210056,0.0,0.0,0.0,16.0825318026683,0.0,0.0,0.0,0.0,349.759159426075,0.0,0.0,0.0,0.0,1464.23894342731,0.0,0.0,0.0,0.0,0.0,0.0,0.0,0.0,0.0,0.0,0.0,0.0,0.0,841.315104181911,0.0,0.0,0.0,0.0,0.0,0.0,0.0,0.0,0.0,100.515823767629,0.0,0.0,0.0,0.0,0.0,0.0,0.0,0.0,30.1547471300031,0.0,0.0,0.0,0.0,0.0,0.0,0.0,0.0,0.0,0,0.0,0.0,0.0,0.0,19.1675535327368,0.0,0.0,0.0,0.0,0.0,409.533423292411,0.0,0.0,0.0,0.0,0.0,0.0,0.0,0.0,0.0,0.0,0.0,0.0,0.0,0.0,32.1650636053366,0.0,0.0,0.0,0.0,0.0,0.0,0.0,0.0,0.0,0.0,12.6254273665547,0.0,0.0,0.0,0.0,0.0,0.0,35.7321625440314,0.0,0.0,35.9942547270962,0.0,0.0,0.0,0.0,0.0,0.0,0.0,0.0,0.0,0.0,12064.4548635187,0.0,0.0,0.0,4061.06589911616,0.0,0.0,2930.67530610149,27.1392724170028,0.0,44.2269624573379,0.0,38.2623412589262,0.0,0.0,0.0,67.4985063970367,0.0,0.0,42.2166358631854,684.499167029643,0.0,0.0,0.0,0.0,16.0825318026683,0.0,0.0,0.0,21.1083229900497,0.0,0.0,0.0,27.5915687519738,0.0,55.2837030716736,0.0,0.0,18.5344881199342,38.1960130313373,111.419659907648,0.0,0.0,0.0,0.0,0.0,0.0,37.1908547936705,Complex Organic Waste,OFMSW
Hanna_2025,sample_B12,B1,CSTR,d127,0.0,,107.7144550766365,198.5345545378851,131.0070194384449,,79.21915787084328,,,,33.26446280991735,,,232.9064467115259,,,,,7.0,37,2.5,,0.0,0.0,0.0,1682.13011137139,0.0,16.0585213496206,0.0,40.1463033740188,0.0,0.0,0.0,21.0768092713599,0.0,0.0,0.0,0.0,383.59718154619,0.0,0.0,0.0,0.0,1504.62853374308,0.0,0.0,0.0,0.0,0.0,0.0,0.0,0.0,0.0,0.0,0.0,0.0,39.1684705204566,891.91264928288,0.0,0.0,0.0,0.0,0.0,0.0,0.0,0.0,0.0,126.460857867286,0.0,0.0,0.0,0.0,0.0,0.0,0.0,0.0,36.1316730366169,0.0,0.0,0.0,0.0,0.0,0.0,0.0,0.0,0.0,0,0.0,41.1499609570652,0.0,0.0,14.790835234999,0.0,0.0,0.0,0.0,0.0,298.827169674907,0.0,0.0,0.0,0.0,0.0,0.0,0.0,0.0,0.0,0.0,0.0,0.0,0.0,0.0,38.4435919480811,0.0,0.0,23.0841244400608,0.0,0.0,0.0,0.0,0.0,0.0,0.0,0.0,22.0779705151138,0.0,0.0,0.0,0.0,11.0402334278552,14.9731362406947,0.0,0.0,23.1714321214559,0.0,0.0,0.0,0.0,0.0,0.0,0.0,0.0,0.0,0.0,10762.732033681,0.0,0.0,0.0,4077.55285069143,0.0,0.0,2883.85141072059,27.0987547774627,0.0,52.1901943862245,16.0356967125795,33.9625523184613,0.0,0.0,0.0,58.6290146300833,0.0,0.0,61.2231126401529,808.778972911226,0.0,0.0,0.0,0.0,14.0512061809066,0.0,19.0694941026589,0.0,28.0765851052834,0.0,0.0,0.0,33.1207002836888,0.0,59.2386233569447,0.0,0.0,22.0829632015327,38.1389882053179,138.081482694562,0.0,0.0,0.0,0.0,0.0,0.0,59.2157974766778,Complex Organic Waste,OFMSW
Hanna_2025,sample_B2,B1,CSTR,d77,134.9800177619893,,4.47116605978491,51.59034138218151,2.632289416846652,,104.1425490863693,,,,14.51446280991736,,,288.6042978076839,,,,,5.5,50,5.0,,0.0,0.0,0.0,0.0,0.0,0.0,0.0,0.0,0.0,0.0,383.228427092958,34.0635073660109,0.0,0.0,0.0,0.0,5183.6152084462,0.0,0.0,0.0,0.0,13.0242822281806,0.0,0.0,0.0,0.0,0.0,0.0,0.0,0.0,0.0,0.0,0.0,0.0,0.0,0.0,0.0,0.0,0.0,0.0,0.0,0.0,0.0,0.0,0.0,0.0,0.0,0.0,0.0,0.0,0.0,0.0,0.0,0.0,0.0,0.0,0.0,0.0,0.0,0.0,6611.10580552109,0.0,0.0,0.0,0,13.2548568930734,0.0,0.0,0.0,0.0,0.0,0.0,0.0,0.0,0.0,0.0,0.0,0.0,0.0,0.0,0.0,0.0,0.0,0.0,0.0,0.0,0.0,23.8359432331079,0.0,0.0,0.0,0.0,0.0,0.0,0.0,0.0,0.0,0.0,0.0,0.0,0.0,0.0,0.0,0.0,0.0,11.8330925495286,0.0,0.0,0.0,0.0,0.0,0.0,0.0,0.0,0.0,0.0,0.0,0.0,0.0,0.0,0.0,0.0,38.0709788208357,0.0,0.0,0.0,328.473727780752,0.0,0.0,288.347578819861,0.0,0.0,0.0,0.0,0.0,0.0,0.0,0.0,0.0,0.0,0.0,0.0,0.0,0.0,0.0,0.0,0.0,0.0,0.0,0.0,0.0,0.0,0.0,0.0,0.0,0.0,0.0,0.0,0.0,0.0,0.0,25.0465964824821,0.0,0.0,0.0,0.0,20301.0999947661,0.0,0.0,0.0,Complex Organic Waste,OFMSW
Hanna_2025,sample_B3,B1,CSTR,d77,134.9800177619893,,4.47116605978491,51.59034138218151,2.632289416846652,,104.1425490863693,,,,14.51446280991736,,,288.6042978076839,,,,,5.5,50,5.0,,44.0932346528268,0.0,0.0,0.0,0.0,0.0,0.0,0.0,0.0,0.0,453.777981800064,34.0720449590025,0.0,0.0,0.0,0.0,2312.91522953249,0.0,0.0,0.0,0.0,0.0,0.0,0.0,0.0,0.0,0.0,0.0,0.0,0.0,0.0,0.0,0.0,0.0,0.0,41.0868777446795,0.0,0.0,0.0,0.0,0.0,0.0,0.0,0.0,0.0,0.0,0.0,0.0,0.0,0.0,0.0,0.0,0.0,0.0,0.0,0.0,0.0,0.0,0.0,0.0,10098.4470405193,0.0,0.0,0.0,0,0.0,0.0,0.0,0.0,0.0,0.0,0.0,0.0,0.0,0.0,0.0,0.0,0.0,0.0,0.0,0.0,0.0,0.0,0.0,0.0,0.0,0.0,0.0,0.0,0.0,0.0,0.0,0.0,0.0,25.0525788307624,0.0,0.0,0.0,0.0,0.0,0.0,0.0,0.0,0.0,0.0,0.0,0.0,0.0,0.0,0.0,0.0,0.0,10.0211896939348,0.0,0.0,0.0,0.0,0.0,0.0,0.0,0.0,0.0,31.0656880508553,0.0,0.0,0.0,1413.07278089009,0.0,0.0,1390.79908094463,20.0423793876486,0.0,0.0,0.0,0.0,0.0,0.0,0.0,0.0,0.0,0.0,0.0,0.0,0.0,0.0,0.0,0.0,0.0,0.0,0.0,0.0,0.0,0.0,0.0,0.0,0.0,0.0,0.0,0.0,0.0,0.0,24.0508552651783,0.0,0.0,0.0,0.0,16733.5030377285,0.0,0.0,0.0,Complex Organic Waste,OFMSW
Hanna_2025,sample_B4,B1,CSTR,d96,4.396092362344582,,5.792192395630452,154.0383014154871,36.5280777537797,,162.7965043695381,,,,336.5185950413223,,,46.32081614933796,,,,,6.5,37,5.0,,0.0,0.0,0.0,144.329649103981,0.0,0.0,0.0,0.0,0.0,0.0,0.0,0.0,0.0,0.0,0.0,0.0,5175.42542141878,0.0,0.0,0.0,0.0,1560.07743463475,0.0,0.0,0.0,0.0,0.0,0.0,0.0,0.0,0.0,0.0,0.0,0.0,26.0699333480694,266.609064801232,0.0,0.0,0.0,0.0,0.0,0.0,0.0,0.0,0.0,495.892857446948,0.0,0.0,0.0,0.0,0.0,0.0,0.0,0.0,30.0686768966627,0.0,0.0,0.0,0.0,0.0,33.075544586329,51.5705640045172,0.0,0.0,0,0.0,557.715388474601,0.0,0.0,11.8652436579296,0.0,0.0,0.0,0.0,0.0,606.674609106279,0.0,0.0,0.0,0.0,0.0,0.0,0.0,0.0,0.0,0.0,0.0,28.0586976291485,0.0,0.0,0.0,0.0,0.0,0.0,0.0,0.0,0.0,188.728002683737,0.0,0.0,0.0,0.0,0.0,25.5499701340895,0.0,13.0297599885539,0.0,15.0343384483314,61.7609216690705,0.0,0.0,15.0343383689408,0.0,0.0,32.6217313061385,0.0,0.0,0.0,0.0,0.0,0.0,0.0,15063.4885439042,107.368426345333,0.0,0.0,1703.88340347756,0.0,0.0,617.423529311199,0.0,0.0,36.0824122759953,0.0,41.9549193819202,0.0,0.0,0.0,24.055060200425,0.0,0.0,0.0,685.682593952979,0.0,0.0,0.0,0.0,0.0,0.0,0.0,23.6129020049791,21.0494033368519,0.0,0.0,0.0,0.0,0.0,0.0,0.0,0.0,0.0,164.375433780977,31.0708474434567,0.0,0.0,0.0,47.1075938047716,0.0,0.0,114.65278307121,Complex Organic Waste,OFMSW
Hanna_2025,sample_B5,B1,CSTR,d96,4.396092362344582,,5.792192395630452,154.0383014154871,36.5280777537797,,162.7965043695381,,,,336.5185950413223,,,46.32081614933796,,,,,6.5,37,5.0,,0.0,0.0,0.0,133.462228842041,0.0,0.0,0.0,0.0,0.0,0.0,0.0,0.0,0.0,0.0,0.0,0.0,4915.37383747398,0.0,0.0,0.0,0.0,1774.38276734107,0.0,0.0,0.0,0.0,0.0,0.0,0.0,0.0,0.0,0.0,0.0,0.0,41.1424915979194,285.990490376009,0.0,0.0,0.0,0.0,0.0,0.0,0.0,0.0,0.0,503.509899083093,0.0,0.0,0.0,0.0,0.0,0.0,0.0,0.0,21.0729835013749,0.0,0.0,0.0,0.0,0.0,20.0695080965475,32.008023391188,0.0,0.0,0,0.0,999.978605265601,0.0,0.0,0.0,0.0,18.7152455414547,0.0,0.0,0.0,478.007582360367,0.0,0.0,0.0,0.0,0.0,0.0,0.0,0.0,0.0,0.0,0.0,44.0788532261766,0.0,0.0,0.0,0.0,0.0,0.0,0.0,0.0,0.0,164.284460006586,0.0,0.0,0.0,0.0,0.0,15.3731554029134,0.0,12.0417048579285,0.0,15.0521310724106,40.5668659902584,0.0,0.0,0.0,0.0,0.0,30.2074517081093,0.0,0.0,0.0,0.0,0.0,0.0,0.0,13168.6704500736,110.240957786839,0.0,0.0,1522.74498442003,0.0,0.0,571.037815170943,0.0,0.0,27.0938359303391,0.0,44.035652134678,0.0,0.0,0.0,36.1251010142199,0.0,0.0,0.0,815.955118279043,0.0,0.0,0.0,0.0,0.0,0.0,0.0,30.936045935488,28.0973113351695,0.0,0.0,0.0,0.0,10.0815323881249,0.0,0.0,0.0,0.0,189.708970455046,33.114701918869,0.0,0.0,0.0,27.0938359303391,0.0,0.0,114.745402092098,Complex Organic Waste,OFMSW
Hanna_2025,sample_B6,B1,CSTR,d96,4.396092362344582,,5.792192395630452,154.0383014154871,36.5280777537797,,162.7965043695381,,,,336.5185950413223,,,46.32081614933796,,,,,6.5,37,5.0,,0.0,0.0,0.0,149.511683903055,0.0,0.0,0.0,15.051511802318,0.0,0.0,0.0,0.0,0.0,0.0,0.0,0.0,4622.12896354547,0.0,0.0,0.0,0.0,1807.01325650223,0.0,0.0,0.0,0.0,0.0,0.0,0.0,0.0,0.0,0.0,0.0,0.0,0.0,317.085163572199,0.0,0.0,0.0,0.0,0.0,0.0,0.0,0.0,0.0,464.090661912629,0.0,0.0,0.0,0.0,0.0,0.0,0.0,0.0,31.1064577247967,0.0,0.0,0.0,0.0,0.0,0.0,40.1574260560251,0.0,0.0,0,0.0,550.230894253298,0.0,0.0,0.0,0.0,0.0,0.0,0.0,0.0,457.351028475237,0.0,0.0,0.0,0.0,0.0,0.0,0.0,0.0,0.0,0.0,0.0,28.0956354166426,0.0,0.0,0.0,0.0,0.0,0.0,0.0,0.0,0.0,192.145343272259,0.0,0.0,0.0,0.0,0.0,17.1887653063098,0.0,0.0,0.0,21.0721165232494,38.7092237885478,0.0,0.0,0.0,0.0,0.0,21.0520552734136,0.0,0.0,0.0,0.0,0.0,0.0,0.0,13028.981920821,97.3541687821374,0.0,0.0,1798.04102392121,0.0,0.0,576.424041646284,0.0,0.0,26.089287124023,0.0,43.3446589432906,0.0,0.0,0.0,38.1357699566985,0.0,0.0,0.0,643.997088276793,0.0,0.0,0.0,0.0,0.0,0.0,0.0,15.5844765460956,21.0710317813969,0.0,0.0,0.0,0.0,11.15924958705,0.0,0.0,0.0,0.0,169.582851351537,40.1320914153707,0.0,0.0,0.0,37.1270624457251,0.0,0.0,101.985090073671,Complex Organic Waste,OFMSW
Hanna_2025,sample_B7,B1,CSTR,d114,0.2331261101243339,,5.792192395630452,264.0133222314738,82.005939524838,,215.8211326750653,,,,460.8471074380166,,,26.00390709789451,,,,,6.5,37,5.0,,0.0,0.0,0.0,1677.31115475336,0.0,17.044890162046,0.0,51.1346704871061,0.0,0.0,0.0,20.0528119557279,0.0,0.0,0.0,0.0,881.933409702384,0.0,0.0,0.0,0.0,3322.30154940326,0.0,0.0,0.0,0.0,0.0,0.0,0.0,0.0,0.0,0.0,38.0543818624888,0.0,107.282543963051,132.348558811234,0.0,0.0,0.0,0.0,0.0,0.0,0.0,0.0,0.0,102.434594630956,0.0,0.0,0.0,0.0,0.0,0.0,0.0,0.0,120.316871734367,0.0,0.0,0.0,0.0,0.0,24.0633743468734,26.0003823286401,0.0,0.0,1,0.0,0.0,0.0,0.0,0.0,0.0,0.0,0.0,0.0,0.0,579.46863844889,0.0,0.0,0.0,0.0,0.0,0.0,0.0,0.0,0.0,0.0,14.0369683690095,13.0355303930323,0.0,0.0,460.212036059043,0.0,0.0,0.0,0.0,0.0,0.0,31.8020115047889,0.0,0.0,0.0,25.1137239382829,20.0528119535577,0.0,0.0,0.0,0.0,74.2026990751888,100.880146841494,0.0,0.0,17.0448876784512,0.0,0.0,26.1369287562523,0.0,0.0,0.0,0.0,0.0,0.0,0.0,19959.0105410683,0.0,0.0,0.0,4082.57802519306,0.0,0.0,1925.24542319628,22.0580931513008,0.0,347.916287430393,42.1312132089481,94.1233705244271,0.0,0.0,0.0,97.0553512167292,17.0448901471797,0.0,105.27724718571,383.731619057721,0.0,0.0,0.0,0.0,0.0,17.0448901623687,0.0,0.0,14.0369683690095,0.0,0.0,34.219515319905,79.4891063220038,0.0,270.781856678098,0.0,0.0,28.0262433284275,30.0792179335918,147.58895464315,0.0,0.0,0.0,44.1161863026013,0.0,20.0526737074981,48.1267486937468,Complex Organic Waste,OFMSW
Hanna_2025,sample_B8,B1,CSTR,d114,0.2331261101243339,,5.792192395630452,264.0133222314738,82.005939524838,,215.8211326750653,,,,460.8471074380166,,,26.00390709789451,,,,,6.5,37,5.0,,0.0,0.0,0.0,855.790585906201,0.0,0.0,0.0,49.2211701622209,0.0,0.0,0.0,16.0722188284803,0.0,0.0,0.0,0.0,869.277155312987,0.0,0.0,0.0,0.0,3086.50511064409,0.0,0.0,0.0,0.0,0.0,0.0,0.0,0.0,0.0,0.0,36.2454534635037,0.0,83.3752088729745,128.619630360531,0.0,0.0,0.0,0.0,0.0,0.0,0.0,0.0,0.0,120.541641213602,0.0,0.0,0.0,0.0,0.0,0.0,0.0,0.0,120.541641213601,0.0,0.0,0.0,0.0,0.0,0.0,21.4866648781625,0.0,0.0,0,0.0,0.0,0.0,0.0,0.0,0.0,0.0,0.0,0.0,0.0,415.872412432797,0.0,0.0,0.0,0.0,0.0,0.0,0.0,0.0,0.0,0.0,0.0,20.1177102555192,0.0,0.0,493.213299614854,0.0,0.0,0.0,0.0,0.0,0.0,0.0,0.0,0.0,12.9313796909236,15.5670660098301,17.0767262138536,0.0,0.0,0.0,0.0,61.275334282171,63.4747292040326,0.0,0.0,14.0681279201679,0.0,11.0496504437866,31.7649062917143,0.0,0.0,16.0709883047285,0.0,0.0,0.0,0.0,15705.5826963424,0.0,0.0,22.7258178858045,3876.12029618025,0.0,11.0489416960369,1682.78755330094,20.0902735356004,0.0,407.118606010717,33.4389847149355,99.508173494051,0.0,0.0,0.0,117.833768550284,13.0586777981358,0.0,99.5741134881091,320.131502762618,0.0,0.0,0.0,0.0,0.0,0.0,0.0,0.0,27.1218692730605,0.0,0.0,25.7459540566526,60.7244361093398,0.0,221.707488867491,0.0,0.0,23.6090122963266,37.1670060408606,139.3217327054,0.0,0.0,0.0,22.0993008891604,0.0,21.0947850496778,51.2301974314946,Complex Organic Waste,OFMSW
Hanna_2025,sample_B9,B1,CSTR,d114,0.2331261101243339,,5.792192395630452,264.0133222314738,82.005939524838,,215.8211326750653,,,,460.8471074380166,,,26.00390709789451,,,,,6.5,37,5.0,,0.0,0.0,0.0,2004.56913875698,0.0,0.0,0.0,18.0411234312172,0.0,0.0,0.0,20.0456927013525,0.0,0.0,0.0,0.0,1061.64807591316,0.0,0.0,0.0,0.0,3928.94883534877,0.0,0.0,0.0,0.0,0.0,0.0,0.0,0.0,0.0,0.0,52.1064997670069,0.0,104.238670116362,157.379122086334,0.0,0.0,0.0,0.0,0.0,0.0,0.0,0.0,0.0,133.303856667885,0.0,0.0,0.0,0.0,0.0,0.0,0.0,0.0,113.258163762642,0.0,0.0,0.0,0.0,0.0,0.0,30.4487530699163,0.0,0.0,0,0.0,0.0,0.0,0.0,0.0,0.0,0.0,0.0,0.0,0.0,485.126473000805,0.0,0.0,0.0,0.0,0.0,0.0,0.0,0.0,0.0,0.0,0.0,17.0846808034012,0.0,0.0,816.862062706443,13.0296898612933,0.0,0.0,0.0,0.0,0.0,37.1430635445093,0.0,0.0,0.0,24.3606917677551,30.9141097152729,0.0,0.0,0.0,0.0,102.77361253721,98.3292946674463,0.0,0.0,23.0523789241554,0.0,15.0342695260144,27.6837549745187,0.0,0.0,20.9345212588045,0.0,0.0,0.0,0.0,14482.0578447195,0.0,0.0,24.9883349277197,4996.97812361783,0.0,12.0263524533273,2280.47052797088,26.0594005117583,0.0,298.680821250152,34.8985033719354,104.247774059155,0.0,0.0,0.0,127.27571618049,14.0319848909407,0.0,117.267531916748,420.606301086666,0.0,0.0,0.0,0.0,0.0,18.0411234312173,0.0,0.0,18.041118529372,11.0251309857439,0.0,27.0634220984644,71.1319245900639,0.0,133.48531531929,0.0,0.0,38.9397245994929,62.1416473741928,128.306866551241,0.0,13.0297002544518,0.0,21.0479773364201,0.0,22.027913520043,62.8123835436971,Complex Organic Waste,OFMSW
Hanna_2025,sample_C1,B1,CSTR,d150,115.0976909413854,,109.4758235244305,140.8159866777685,83.2208423326134,,204.1992963341278,,,,35.12396694214876,,,177.9466029954417,,,,,7.0,37,1.25,,0.0,0.0,0.0,484.218116894587,0.0,0.0,0.0,26.1739522646119,0.0,0.0,0.0,10.0669047171584,0.0,0.0,0.0,0.0,183.2163425225,0.0,0.0,0.0,0.0,4823.80661256642,0.0,0.0,0.0,0.0,0.0,0.0,0.0,0.0,0.0,0.0,0.0,0.0,52.2585256637321,107.585684837115,0.0,0.0,0.0,0.0,0.0,0.0,0.0,0.0,0.0,49.4172118670076,0.0,0.0,0.0,0.0,0.0,0.0,0.0,0.0,0.0,0.0,0.0,0.0,0.0,0.0,0.0,0.0,0.0,0.0,0,0.0,100.669047171584,12.0802856605901,412.743522103812,12.0802856605901,0.0,0.0,11.0735951885856,0.0,0.0,73.4884044354237,0.0,16.4472367379852,0.0,187.609556467184,0.0,0.0,0.0,0.0,0.0,0.0,12.5697918018802,14.3511777983657,113.75602330389,0.0,1151.46022577638,0.0,0.0,0.0,0.0,13.1171425185748,58.3880453437189,32.2140952204291,0.0,0.0,343.689598725305,0.0,26.7703417960964,0.0,10.7530278295895,0.0,0.0,0.0,97.0736459161403,0.0,0.0,134.187218202836,0.0,0.0,0.0,0.0,0.0,0.0,0.0,0.0,47.3164225988444,0.0,1422.18098852075,0.0,1468.70439820786,0.0,585.940174444248,0.0,0.0,4921.82883502536,10.0669047171584,0.0,25.1672617928961,0.0,283.285917643434,24.8357400132779,262.745623063286,1604.66280284138,43.9108714052795,0.0,0.0,114.972030402483,208.378927313369,0.0,0.0,30.6819337893703,0.0,0.0,19.127118962601,0.0,0.0,0.0,0.0,162.077165946251,0.0,58.388067621784,0.0,0.0,0.0,0.0,210.152318127207,6617.3319172381,68.8384614268949,0.0,0.0,0.0,21.1404999060327,0.0,0.0,0.0,Complex Organic Waste,OFMSW
Hanna_2025,sample_C10,B2,CSTR,d35,0.0,,12.7699212465069,277.9683597002498,33.81479481641469,,223.4479627738055,,,,124.7933884297521,,,2.04037334490992,,,,,6.5,37,5.0,,0.0,0.0,0.0,4792.09558986181,0.0,0.0,0.0,34.1173557439746,0.0,0.0,0.0,53.1829368950251,0.0,0.0,0.0,0.0,926.842706876034,0.0,0.0,0.0,0.0,4867.80535147649,0.0,0.0,0.0,0.0,0.0,0.0,0.0,0.0,0.0,0.0,0.0,0.0,0.0,3523.29105912002,0.0,0.0,0.0,0.0,0.0,0.0,0.0,0.0,0.0,16.0552262324604,0.0,0.0,0.0,0.0,0.0,0.0,0.0,0.0,117.298184837205,0.0,0.0,0.0,0.0,0.0,0.0,44.1518721392662,0.0,0.0,0,0.0,375.290947596046,0.0,0.0,0.0,0.0,0.0,0.0,0.0,0.0,226.856585653613,0.0,0.0,0.0,43.2866628461254,0.0,0.0,0.0,0.0,18.062129511518,0.0,10.0345163952878,11.0377378665775,0.0,0.0,0.0,0.0,0.0,0.0,0.0,0.0,0.0,0.0,0.0,0.0,0.0,0.0,0.0,0.0,0.0,0.0,0.0,11.0379680348165,50.1710919137427,0.0,0.0,0.0,0.0,0.0,0.0,0.0,0.0,0.0,0.0,0.0,0.0,0.0,6388.43310489149,0.0,0.0,0.0,2875.47038259942,252.793026795605,0.0,637.286008629207,57.1967434531402,0.0,0.0,0.0,94.6520633123222,0.0,0.0,13.0448713138741,31.1070008253485,0.0,0.0,0.0,485.677553024757,0.0,0.0,0.0,0.0,0.0,0.0,0.0,0.0,0.0,0.0,0.0,0.0,0.0,0.0,360.24402044052,0.0,0.0,0.0,390.342687772658,39.1346139416658,0.0,0.0,0.0,0.0,0.0,0.0,0.0,Complex Organic Waste,OFMSW
Hanna_2025,sample_C11,B2,CSTR,d35,0.0,,12.7699212465069,277.9683597002498,33.81479481641469,,223.4479627738055,,,,124.7933884297521,,,2.04037334490992,,,,,6.5,37,5.0,,0.0,0.0,0.0,6292.0885153666,0.0,18.0977934618186,0.0,64.1625044839323,0.0,0.0,0.0,65.1650436133349,0.0,0.0,0.0,0.0,1291.00960810443,0.0,0.0,0.0,0.0,6094.44524499257,0.0,0.0,0.0,0.0,0.0,0.0,0.0,0.0,0.0,0.0,0.0,0.0,0.0,4144.10077908764,0.0,0.0,0.0,0.0,0.0,0.0,0.0,0.0,0.0,25.0634783128211,0.0,0.0,0.0,0.0,0.0,0.0,0.0,0.0,121.307235034054,0.0,0.0,0.0,0.0,0.0,0.0,53.1345740231808,0.0,0.0,0,0.0,457.157844425857,0.0,0.0,0.0,0.0,0.0,0.0,0.0,0.0,325.84302961959,0.0,0.0,0.0,62.5451141322358,0.0,0.0,0.0,0.0,14.0355478551798,0.0,0.0,17.0455086418719,0.0,0.0,0.0,0.0,0.0,0.0,0.0,0.0,0.0,0.0,0.0,0.0,0.0,0.0,0.0,0.0,0.0,0.0,0.0,10.0253913251285,56.8883635784155,0.0,0.0,0.0,0.0,0.0,0.0,0.0,0.0,0.0,0.0,0.0,0.0,0.0,8105.5193801328,0.0,0.0,30.0765374370254,3673.89662167798,273.696596553338,0.0,642.542182597945,60.1523479507714,0.0,0.0,0.0,107.128646205504,0.0,0.0,0.0,50.1269566488577,0.0,0.0,0.0,637.543631601657,0.0,0.0,0.0,0.0,0.0,0.0,0.0,0.0,0.0,0.0,0.0,0.0,0.0,0.0,421.069031594383,0.0,0.0,0.0,397.005534926826,38.0964870122728,0.0,0.0,0.0,12.0304696018312,0.0,0.0,0.0,Complex Organic Waste,OFMSW
Hanna_2025,sample_C12,B2,CSTR,d35,0.0,,12.7699212465069,277.9683597002498,33.81479481641469,,223.4479627738055,,,,124.7933884297521,,,2.04037334490992,,,,,6.5,37,5.0,,0.0,0.0,0.0,3788.28125990935,0.0,17.4134893105996,0.0,42.1277474019626,0.0,0.0,0.0,60.1824962885179,0.0,0.0,0.0,0.0,1041.62386329692,0.0,0.0,0.0,0.0,5532.46335403273,0.0,0.0,0.0,0.0,0.0,0.0,0.0,0.0,0.0,0.0,0.0,0.0,0.0,3759.39000277394,0.0,0.0,0.0,0.0,0.0,0.0,0.0,0.0,0.0,23.0699569105985,0.0,0.0,0.0,0.0,0.0,0.0,0.0,0.0,119.361950975987,0.0,0.0,0.0,0.0,0.0,0.0,49.149038635623,0.0,0.0,0,0.0,359.088896779815,0.0,0.0,0.0,0.0,0.0,0.0,0.0,0.0,255.832153350343,0.0,0.0,0.0,49.1070397282082,0.0,0.0,0.0,0.0,29.0882065394503,0.0,0.0,16.9987495908807,0.0,0.0,0.0,0.0,0.0,0.0,0.0,0.0,0.0,0.0,0.0,0.0,0.0,0.0,0.0,0.0,0.0,0.0,0.0,10.0304160480863,54.298529519513,0.0,0.0,0.0,0.0,0.0,0.0,0.0,0.0,0.0,0.0,0.0,0.0,0.0,7054.26228059935,0.0,0.0,0.0,2890.32511465488,271.824211596712,0.0,642.313203254942,47.1429554260057,0.0,0.0,0.0,128.64099810468,0.0,0.0,0.0,41.1247117323456,0.0,0.0,0.0,493.396697826077,0.0,0.0,0.0,0.0,0.0,0.0,0.0,0.0,0.0,0.0,0.0,0.0,0.0,0.0,461.057459890875,0.0,0.0,0.0,409.240975097203,54.1642407244744,0.0,0.0,0.0,0.0,0.0,0.0,0.0,Complex Organic Waste,OFMSW
Hanna_2025,sample_C2,B2,CSTR,d150,115.0976909413854,,109.4758235244305,140.8159866777685,83.2208423326134,,204.1992963341278,,,,35.12396694214876,,,177.9466029954417,,,,,7.0,37,1.25,,0.0,0.0,0.0,1054.24056127324,0.0,0.0,0.0,49.244792661953,0.0,0.0,0.0,17.0849280663919,0.0,0.0,0.0,0.0,201.00693411055,0.0,0.0,0.0,0.0,5566.53627903118,0.0,0.0,0.0,0.0,0.0,0.0,0.0,0.0,0.0,0.0,0.0,0.0,64.3166725985158,231.121998970022,0.0,0.0,0.0,0.0,0.0,0.0,0.0,0.0,0.0,95.4745980181213,0.0,0.0,0.0,0.0,0.0,0.0,0.0,0.0,0.0,0.0,0.0,0.0,0.0,0.0,0.0,0.0,0.0,0.0,0,0.0,150.24931858949,16.0799322977806,0.0,0.0,0.0,0.0,0.0,0.0,0.0,58.2897585479557,0.0,21.3753337679303,0.0,347.936009992114,0.0,0.0,0.0,0.0,0.0,0.0,18.3778484207188,30.6862287215925,0.0,0.0,2178.52570290099,0.0,0.0,0.0,0.0,17.4659049511448,69.2009302230419,43.2178746428425,0.0,0.0,419.878493697298,0.0,28.1911108961467,0.0,26.3258300890682,0.0,0.0,0.0,152.015126863573,0.0,0.0,202.610310865429,0.0,0.0,0.0,0.0,0.0,0.0,0.0,0.0,0.0,21.104911140837,1861.58833942725,11.0549534547241,2749.37870342017,0.0,1031.06156623898,0.0,0.0,8134.85846257555,0.0,0.0,42.209822281674,0.0,438.365095655016,0.0,0.0,0.0,41.2971183974352,0.0,0.0,123.740263349933,367.70850235705,0.0,0.0,38.1866093693029,0.0,0.0,25.1248942152821,17.0561743431098,36.7086480954911,24.1021698513804,0.0,0.0,0.0,143.459970538018,0.0,0.0,0.0,0.0,246.609291268633,10285.4498023171,96.3873019023109,0.0,0.0,0.0,0.0,19.0949196036144,0.0,0.0,Complex Organic Waste,OFMSW
Hanna_2025,sample_C3,B2,CSTR,d150,115.0976909413854,,109.4758235244305,140.8159866777685,83.2208423326134,,204.1992963341278,,,,35.12396694214876,,,177.9466029954417,,,,,7.0,37,1.25,,0.0,0.0,0.0,1196.7480615281,0.0,0.0,0.0,40.2268255989021,0.0,0.0,0.0,10.0567063997223,0.0,0.0,0.0,0.0,179.571497821299,0.0,0.0,0.0,0.0,5401.89284727643,0.0,0.0,0.0,0.0,0.0,0.0,0.0,0.0,0.0,0.0,0.0,0.0,49.2772766140087,201.243661029365,0.0,0.0,0.0,0.0,0.0,0.0,0.0,0.0,0.0,58.3286241381024,0.0,0.0,0.0,0.0,0.0,0.0,0.0,0.0,0.0,0.0,0.0,0.0,0.0,0.0,23.1304247193612,0.0,0.0,0.0,0,0.0,126.264860120369,15.0850595995834,0.0,0.0,27.1531072792501,0.0,0.0,0.0,0.0,68.3856035181113,0.0,0.0,0.0,291.169210132666,0.0,0.0,0.0,0.0,0.0,0.0,0.0,16.4625890504602,0.0,0.0,2101.68476161064,0.0,0.0,0.0,0.0,0.0,77.1945487523948,43.2438375188057,0.0,0.0,330.327714131268,0.0,21.8054696429976,0.0,26.3750423165707,0.0,0.0,0.0,129.849210965192,0.0,0.0,160.532046510443,0.0,0.0,0.0,0.0,0.0,0.0,0.0,0.0,0.0,0.0,1793.16479433243,0.0,2129.77484717361,0.0,962.878261091146,0.0,0.0,8113.37923584335,0.0,0.0,25.1417659993056,0.0,318.717892611975,39.123418135666,0.0,0.0,37.2088780423147,0.0,0.0,118.704752130233,311.215276161375,0.0,0.0,36.6017626539859,15.2306490006161,0.0,19.1077421594723,0.0,20.4174635579757,15.085917324489,0.0,0.0,0.0,58.3108227689521,0.0,0.0,0.0,0.0,184.309614350384,9884.15766291417,81.4602574744871,0.0,0.0,0.0,0.0,0.0,0.0,0.0,Complex Organic Waste,OFMSW
Hanna_2025,sample_C4,B2,CSTR,d0,197.7575488454706,,8.332627656871876,35.37052456286428,0.0,,74.86096924299171,,,,0.0,,,619.7959626655089,,,,,6.5,37,5.0,,39.1519480519481,0.0,0.0,28.1090909090909,0.0,0.0,0.0,0.0,0.0,0.0,80.6085795926552,12.0467532467532,0.0,0.0,0.0,0.0,0.0,0.0,0.0,0.0,0.0,58.2259740259741,0.0,0.0,0.0,0.0,0.0,0.0,0.0,0.0,0.0,0.0,0.0,0.0,0.0,10061.6472590449,0.0,0.0,0.0,0.0,0.0,0.0,0.0,0.0,0.0,0.0,0.0,0.0,0.0,0.0,0.0,0.0,0.0,0.0,0.0,0.0,0.0,0.0,0.0,0.0,7341.35238738082,0.0,0.0,0.0,0,0.0,0.0,0.0,0.0,0.0,0.0,0.0,0.0,0.0,0.0,0.0,0.0,0.0,0.0,0.0,0.0,0.0,0.0,0.0,0.0,0.0,0.0,0.0,0.0,0.0,0.0,0.0,0.0,0.0,0.0,0.0,0.0,0.0,0.0,0.0,0.0,0.0,0.0,0.0,0.0,0.0,0.0,0.0,0.0,0.0,0.0,0.0,0.0,0.0,0.0,0.0,0.0,0.0,0.0,0.0,0.0,0.0,26.1012987012987,0.0,0.0,0.0,11421.4831599292,0.0,0.0,0.0,181.705194804143,0.0,0.0,0.0,0.0,0.0,0.0,18.0701298701299,0.0,0.0,0.0,0.0,0.0,0.0,0.0,0.0,0.0,0.0,0.0,0.0,0.0,0.0,0.0,0.0,0.0,0.0,0.0,0.0,0.0,0.0,0.0,62.2415584415584,0.0,0.0,0.0,0.0,6227.25666600116,0.0,0.0,0.0,Complex Organic Waste,OFMSW
Hanna_2025,sample_C5,B2,CSTR,d0,197.7575488454706,,8.332627656871876,35.37052456286428,0.0,,74.86096924299171,,,,0.0,,,619.7959626655089,,,,,6.5,37,5.0,,60.2005880042106,0.0,0.0,20.066836137214,0.0,0.0,0.0,0.0,0.0,0.0,113.374414416454,12.0401016823284,0.0,0.0,0.0,0.0,0.0,0.0,0.0,0.0,0.0,39.1303304675673,0.0,0.0,0.0,0.0,0.0,0.0,0.0,0.0,0.0,0.0,0.0,0.0,0.0,9820.61232171262,0.0,0.0,0.0,0.0,0.0,0.0,0.0,0.0,0.0,0.0,0.0,0.0,0.0,0.0,0.0,0.0,0.0,0.0,0.0,0.0,0.0,0.0,0.0,0.0,7326.32600802224,0.0,0.0,0.0,1,0.0,0.0,0.0,0.0,0.0,0.0,0.0,0.0,0.0,0.0,0.0,0.0,0.0,0.0,0.0,0.0,0.0,0.0,0.0,0.0,0.0,0.0,0.0,0.0,0.0,0.0,0.0,0.0,0.0,0.0,0.0,0.0,0.0,0.0,0.0,0.0,0.0,0.0,0.0,0.0,0.0,0.0,0.0,0.0,0.0,0.0,0.0,0.0,0.0,0.0,0.0,0.0,0.0,0.0,0.0,0.0,0.0,0.0,0.0,0.0,0.0,11168.0196278822,0.0,0.0,25.0835451715175,146.487903801662,0.0,0.0,0.0,0.0,0.0,0.0,0.0,0.0,0.0,0.0,0.0,0.0,0.0,0.0,0.0,0.0,0.0,0.0,0.0,0.0,0.0,0.0,0.0,0.0,0.0,0.0,0.0,0.0,0.0,0.0,43.1436976950101,0.0,0.0,0.0,0.0,6353.51462500703,0.0,0.0,0.0,Complex Organic Waste,OFMSW
Hanna_2025,sample_C6,B2,CSTR,d0,197.7575488454706,,8.332627656871876,35.37052456286428,0.0,,74.86096924299171,,,,0.0,,,619.7959626655089,,,,,6.5,37,5.0,,45.181734889647,0.0,0.0,25.1009639477641,0.0,0.0,0.0,0.0,0.0,0.0,88.3526791029368,0.0,0.0,0.0,0.0,0.0,0.0,0.0,0.0,0.0,0.0,24.0969253898535,0.0,0.0,0.0,0.0,0.0,0.0,0.0,0.0,0.0,0.0,0.0,0.0,0.0,9628.39497072903,0.0,0.0,0.0,0.0,0.0,0.0,0.0,0.0,0.0,0.0,0.0,0.0,0.0,0.0,0.0,0.0,0.0,0.0,0.0,0.0,0.0,0.0,0.0,0.0,7032.0549430431,0.0,0.0,0.0,1,0.0,0.0,0.0,0.0,0.0,0.0,0.0,0.0,0.0,0.0,0.0,0.0,0.0,0.0,0.0,0.0,0.0,0.0,0.0,0.0,0.0,0.0,0.0,0.0,0.0,0.0,0.0,0.0,0.0,0.0,0.0,0.0,0.0,0.0,0.0,0.0,0.0,0.0,0.0,0.0,0.0,0.0,0.0,0.0,0.0,0.0,0.0,0.0,0.0,0.0,0.0,0.0,0.0,0.0,0.0,0.0,0.0,0.0,0.0,0.0,0.0,10942.3212137843,0.0,0.0,31.1251952952274,150.605783686584,0.0,0.0,0.0,0.0,0.0,0.0,0.0,0.0,0.0,0.0,0.0,0.0,0.0,0.0,0.0,0.0,0.0,0.0,0.0,0.0,0.0,0.0,0.0,0.0,0.0,0.0,0.0,0.0,0.0,0.0,35.1413003756333,0.0,0.0,0.0,0.0,6057.62428975467,0.0,0.0,0.0,Complex Organic Waste,OFMSW
Hanna_2025,sample_C7,B2,CSTR,d15,17.25133214920071,,169.8704378016767,149.8084929225645,115.0917926565875,,152.9451821586653,,,,16.8904958677686,,,116.6485782504884,,,,,6.5,37,5.0,,11.0254674977738,0.0,0.0,6109.22908139594,0.0,0.0,0.0,0.0,0.0,0.0,43.0995547640249,0.0,0.0,0.0,0.0,0.0,1357.13804693713,0.0,0.0,0.0,0.0,16554.1369763262,0.0,0.0,0.0,0.0,0.0,0.0,0.0,0.0,0.0,0.0,0.0,0.0,0.0,6079.98899744557,0.0,0.0,0.0,0.0,0.0,0.0,0.0,0.0,0.0,0.0,0.0,0.0,0.0,0.0,0.0,0.0,0.0,0.0,45.1041807041886,0.0,0.0,0.0,0.0,0.0,61.1412288543034,0.0,0.0,0.0,0,0.0,31.0717720391808,0.0,0.0,0.0,0.0,0.0,0.0,0.0,0.0,0.0,0.0,0.0,0.0,0.0,0.0,0.0,0.0,0.0,195.451652609163,0.0,0.0,19.8417067049798,0.0,0.0,0.0,0.0,0.0,0.0,0.0,0.0,0.0,0.0,0.0,0.0,0.0,0.0,0.0,0.0,0.0,0.0,0.0,242.560284952359,0.0,0.0,0.0,0.0,0.0,0.0,0.0,0.0,0.0,0.0,0.0,0.0,0.0,0.0,393.909797645996,0.0,0.0,0.0,5195.79247549605,0.0,0.0,31.0717720391745,60.138913624224,12.0277827583878,0.0,0.0,0.0,0.0,0.0,13.0300979519145,243.19880814226,0.0,0.0,0.0,1392.6113696432,0.0,0.0,0.0,0.0,0.0,0.0,0.0,0.0,0.0,0.0,0.0,0.0,0.0,0.0,0.0,0.0,0.0,0.0,291.673731077514,284.019001295554,0.0,0.0,0.0,728.737300094684,0.0,0.0,0.0,Complex Organic Waste,OFMSW
Hanna_2025,sample_C8,B2,CSTR,d15,17.25133214920071,,169.8704378016767,149.8084929225645,115.0917926565875,,152.9451821586653,,,,16.8904958677686,,,116.6485782504884,,,,,6.5,37,5.0,,0.0,0.0,0.0,5611.35201908187,0.0,0.0,0.0,0.0,0.0,0.0,25.054393646822,0.0,0.0,0.0,0.0,0.0,1357.48623655821,0.0,0.0,0.0,0.0,16174.8546176264,0.0,0.0,0.0,0.0,0.0,0.0,0.0,0.0,0.0,0.0,0.0,0.0,0.0,5445.81860345713,0.0,0.0,0.0,0.0,0.0,0.0,0.0,0.0,0.0,0.0,0.0,0.0,0.0,0.0,0.0,0.0,0.0,0.0,23.0500421550763,0.0,0.0,0.0,0.0,0.0,28.0609208862893,0.0,0.0,0.0,2,0.0,25.054393646822,0.0,0.0,0.0,0.0,0.0,0.0,0.0,0.0,0.0,0.0,0.0,0.0,0.0,0.0,0.0,0.0,0.0,218.474326338301,0.0,0.0,23.2465628647263,0.0,0.0,0.0,0.0,0.0,0.0,0.0,0.0,0.0,0.0,0.0,0.0,0.0,0.0,0.0,0.0,0.0,0.0,0.0,177.385107468747,0.0,0.0,0.0,0.0,0.0,0.0,0.0,0.0,0.0,0.0,0.0,0.0,0.0,0.0,307.66795409657,0.0,0.0,0.0,4683.10556759553,0.0,0.0,0.0,44.0957328183672,12.0261089506333,0.0,0.0,0.0,0.0,0.0,19.0413391715848,236.498745035232,0.0,0.0,0.0,1329.54040314694,0.0,0.0,0.0,0.0,0.0,0.0,0.0,0.0,0.0,0.0,0.0,0.0,0.0,0.0,0.0,0.0,0.0,0.0,196.42647799402,290.645697293939,0.0,0.0,0.0,620.11475016662,0.0,0.0,0.0,Complex Organic Waste,OFMSW
Hanna_2025,sample_C9,B2,CSTR,d15,17.25133214920071,,169.8704378016767,149.8084929225645,115.0917926565875,,152.9451821586653,,,,16.8904958677686,,,116.6485782504884,,,,,6.5,37,5.0,,14.0256548807706,0.0,0.0,4407.70713080922,0.0,0.0,0.0,0.0,0.0,0.0,36.0659660517513,0.0,0.0,0.0,0.0,0.0,1583.33463251702,0.0,0.0,0.0,0.0,19424.354153326,0.0,0.0,0.0,0.0,0.0,0.0,0.0,0.0,0.0,0.0,0.0,0.0,0.0,6321.57175646985,0.0,0.0,0.0,0.0,0.0,0.0,0.0,0.0,0.0,0.0,0.0,0.0,0.0,0.0,0.0,0.0,0.0,0.0,42.0769646423118,0.0,0.0,0.0,0.0,0.0,16.0293198638966,0.0,0.0,0.0,0,0.0,25.0458122870903,0.0,0.0,0.0,0.0,0.0,0.0,0.0,0.0,0.0,12.0274568691143,0.0,0.0,0.0,0.0,0.0,0.0,0.0,176.322518498659,0.0,0.0,27.4063897710537,0.0,0.0,0.0,0.0,0.0,0.0,0.0,0.0,0.0,0.0,0.0,0.0,0.0,0.0,0.0,0.0,0.0,0.0,0.0,263.481945365142,0.0,0.0,0.0,0.0,0.0,0.0,0.0,0.0,0.0,0.0,0.0,0.0,0.0,0.0,411.753274296287,0.0,0.0,0.0,6358.29621836004,0.0,0.0,47.0861270997298,69.1264419123693,21.0384822250273,0.0,0.0,0.0,0.0,0.0,0.0,307.860108461686,0.0,0.0,0.0,1611.15464453244,0.0,0.0,0.0,0.0,0.0,0.0,0.0,0.0,0.0,0.0,0.0,0.0,0.0,0.0,0.0,0.0,0.0,0.0,267.604360618978,399.433630525945,0.0,0.0,0.0,800.197010615604,0.0,0.0,0.0,Complex Organic Waste,OFMSW
Hanna_2025,sample_D1,B2,CSTR,d49,0.0,,10.83919044796342,188.9425478767694,64.14686825053997,,113.7214845080014,,,,89.6694214876033,,,84.08942912958543,,,,,6.0,37,5.0,,0.0,0.0,0.0,87.2777964506588,0.0,0.0,0.0,0.0,0.0,0.0,0.0,0.0,0.0,0.0,0.0,0.0,5362.15030689537,0.0,0.0,0.0,0.0,2889.59333139362,0.0,0.0,0.0,0.0,0.0,0.0,0.0,0.0,0.0,0.0,0.0,0.0,0.0,1680.3484606593,46.1468833521081,0.0,0.0,0.0,0.0,0.0,0.0,0.0,0.0,76.2426992681178,0.0,0.0,0.0,0.0,0.0,0.0,0.0,0.0,0.0,0.0,0.0,0.0,0.0,0.0,0.0,67.6456362956134,0.0,0.0,0,0.0,4538.56926415378,0.0,0.0,127.401766178727,18.0574751277225,57.1802316772229,0.0,0.0,0.0,96.2340343497193,0.0,0.0,0.0,21.428596313914,13.0415098144663,0.0,0.0,0.0,0.0,0.0,0.0,103.912853470097,0.0,0.0,0.0,0.0,0.0,0.0,0.0,0.0,0.0,0.0,0.0,0.0,0.0,0.0,0.0,535.730572140149,0.0,45.1260944550539,39.2419197706278,0.0,46.3468545222291,0.0,0.0,0.0,0.0,0.0,26.6545116056248,0.0,19.0719052823551,0.0,0.0,0.0,0.0,0.0,1486.60074778468,0.0,0.0,0.0,1685.35361002553,0.0,0.0,140.459253504344,33.5341120406532,0.0,0.0,0.0,26.0809757127056,0.0,0.0,0.0,0.0,0.0,0.0,0.0,1759.58879412828,21.0697090280546,0.0,0.0,0.0,0.0,0.0,24.0753738410796,295.046984000717,0.0,64.2035164373285,0.0,0.0,0.0,28.7132296683966,0.0,24.0759470195346,0.0,0.0,7833.07796339378,0.0,139.440848509961,0.0,0.0,43.1372988353939,0.0,0.0,345.138932893083,Complex Organic Waste,OFMSW
Hanna_2025,sample_D10,B2,CSTR,d114,0.0,,30.79007536624608,368.293089092423,27.90226781857451,,280.9669731018046,,,,267.1487603305785,,,2.474495333188626,,,,,6.5,37,5.0,,0.0,0.0,0.0,3450.55069628007,0.0,0.0,0.0,127.653388211083,0.0,0.0,0.0,37.190357195355,0.0,0.0,0.0,0.0,1548.17595655552,0.0,0.0,0.0,0.0,3748.37876830707,0.0,0.0,0.0,0.0,0.0,0.0,0.0,0.0,0.0,0.0,0.0,0.0,51.2435653657877,192.987799499933,0.0,0.0,0.0,0.0,0.0,0.0,0.0,0.0,0.0,73.3761765204951,0.0,0.0,0.0,0.0,0.0,0.0,0.0,0.0,753.858591785577,0.0,0.0,0.0,0.0,0.0,0.0,132.095073941224,0.0,0.0,0,0.0,0.0,0.0,0.0,48.2923695173011,0.0,84.0319447876295,0.0,225.21029749261,0.0,194.216110505584,0.0,0.0,0.0,419.786167632849,0.0,61.6700691915851,0.0,0.0,0.0,0.0,0.0,0.0,0.0,0.0,0.0,0.0,0.0,174.895193297075,0.0,0.0,0.0,2727.65519296271,21.0763055213056,126.64824342202,17.0120635663602,40.7321206343371,47.261282398827,0.0,0.0,13.1323976649058,0.0,140.720270468911,201.435861271551,0.0,44.4389369525139,0.0,0.0,0.0,73.9596078168237,44.1490286357457,0.0,0.0,0.0,84.3491779883757,0.0,81.4582024165825,3457.0405184703,35.1540061391599,0.0,0.0,3309.45040051971,0.0,12.0661296606445,953.103797144093,23.1183301484639,0.0,299.419287252678,154.438541600479,572.179253570001,0.0,0.0,0.0,84.3703795380406,0.0,0.0,229.245832400602,1714.92458748929,0.0,0.0,0.0,0.0,0.0,97.7341334067426,0.0,0.0,52.2666443521159,0.0,0.0,0.0,0.0,0.0,766.216543017811,0.0,0.0,62.8006970197604,201.028957833297,130.73060532158,0.0,0.0,0.0,0.0,0.0,0.0,209.070137307512,Complex Organic Waste,OFMSW
Hanna_2025,sample_D11,B2,CSTR,d114,0.0,,30.79007536624608,368.293089092423,27.90226781857451,,280.9669731018046,,,,267.1487603305785,,,2.474495333188626,,,,,6.5,37,5.0,,0.0,0.0,0.0,3543.93662507736,0.0,0.0,0.0,137.449456633176,0.0,0.0,0.0,35.1148246873078,0.0,0.0,0.0,0.0,1856.28014138864,0.0,0.0,0.0,0.0,4732.05756412916,0.0,0.0,0.0,0.0,0.0,0.0,0.0,0.0,0.0,0.0,0.0,0.0,58.271014533261,117.382137975926,0.0,0.0,0.0,0.0,0.0,0.0,0.0,0.0,0.0,102.670415739547,0.0,0.0,0.0,0.0,0.0,0.0,0.0,0.0,575.879485109786,0.0,0.0,0.0,0.0,0.0,0.0,130.695548070453,0.0,0.0,0,0.0,0.0,0.0,0.0,62.1046302369294,0.0,81.7527851882989,0.0,174.551461690825,0.0,208.682391186844,0.0,0.0,0.0,403.089983753109,0.0,65.44537725226,0.0,0.0,13.0426491695715,0.0,0.0,0.0,0.0,0.0,0.0,0.0,0.0,165.541316383022,0.0,0.0,0.0,3488.58825348246,18.1882013534227,177.245275942116,0.0,33.9863695582395,29.0992605093833,0.0,0.0,22.211134861355,0.0,166.540909158805,240.194216735192,0.0,80.7459685346619,0.0,0.0,0.0,80.9966807587455,35.1369457192865,0.0,0.0,0.0,83.6011738362416,0.0,82.149100632738,4221.34959333901,27.0885790444946,0.0,26.696099908874,2757.79967784617,0.0,0.0,772.192635830939,23.075456223088,0.0,274.898913266357,131.052201916854,592.270849726249,0.0,0.0,0.0,112.361719875967,0.0,0.0,248.080244913194,1681.14117802457,0.0,0.0,0.0,0.0,0.0,97.3435341601645,0.0,0.0,51.1733826902024,0.0,0.0,0.0,0.0,0.0,791.198832622383,0.0,0.0,58.0414245885903,150.492086263596,133.439763606667,0.0,0.0,0.0,0.0,0.0,0.0,205.672526864701,Complex Organic Waste,OFMSW
Hanna_2025,sample_D12,B2,CSTR,d114,0.0,,30.79007536624608,368.293089092423,27.90226781857451,,280.9669731018046,,,,267.1487603305785,,,2.474495333188626,,,,,6.5,37,5.0,,0.0,0.0,0.0,3485.65721216808,0.0,0.0,0.0,87.276035365251,0.0,0.0,0.0,13.0412473937086,0.0,0.0,0.0,0.0,1328.92409798681,0.0,0.0,0.0,0.0,3325.97953538031,0.0,0.0,0.0,0.0,0.0,0.0,0.0,0.0,0.0,0.0,0.0,0.0,31.836953279158,74.2347928564939,0.0,0.0,0.0,0.0,0.0,0.0,0.0,0.0,0.0,70.0225035934925,0.0,0.0,0.0,0.0,0.0,0.0,0.0,0.0,431.364336868824,0.0,0.0,0.0,0.0,0.0,0.0,68.6910060243011,0.0,0.0,0,0.0,0.0,0.0,0.0,43.2931166360393,0.0,72.9118087050967,0.0,121.154035239253,0.0,132.4188201786,0.0,0.0,0.0,292.22305050481,0.0,47.015170681532,0.0,0.0,12.0380745172695,0.0,0.0,10.0461910032538,0.0,0.0,0.0,0.0,0.0,128.406128184212,0.0,0.0,0.0,2913.68344797587,17.0493383268113,125.302666940357,0.0,23.9900088857942,31.1014090141827,0.0,0.0,12.0336090516854,0.0,109.342457931819,168.802519341823,0.0,55.1684849351739,0.0,0.0,0.0,55.7024874687626,30.3250691030551,0.0,0.0,0.0,46.3528085045664,0.0,50.1591503571323,2839.05703455047,23.1737700673421,0.0,0.0,1994.75210203762,0.0,0.0,592.41220680489,12.0380745172695,0.0,202.641685814202,120.566602360997,387.880915064561,0.0,0.0,0.0,89.2823923105815,0.0,0.0,153.302727286517,1215.88314400103,0.0,0.0,0.0,0.0,0.0,59.1697648476931,0.0,0.0,35.1110506753704,0.0,0.0,14.7475101449132,0.0,0.0,614.127228483485,0.0,0.0,39.3895552939706,98.31094189111,88.2792068191437,0.0,0.0,0.0,0.0,0.0,0.0,136.326512625273,Complex Organic Waste,OFMSW
Hanna_2025,sample_D2,B2,CSTR,d49,0.0,,10.83919044796342,188.9425478767694,64.14686825053997,,113.7214845080014,,,,89.6694214876033,,,84.08942912958543,,,,,6.0,37,5.0,,0.0,0.0,0.0,141.411091468519,0.0,0.0,0.0,0.0,0.0,0.0,0.0,0.0,0.0,0.0,0.0,0.0,7068.32008686651,0.0,0.0,0.0,0.0,3206.14038363729,0.0,0.0,0.0,0.0,0.0,0.0,0.0,0.0,0.0,0.0,0.0,0.0,0.0,1309.69061746091,54.9699470714833,0.0,0.0,0.0,0.0,0.0,0.0,0.0,0.0,64.1865947086008,0.0,0.0,0.0,0.0,0.0,0.0,0.0,0.0,0.0,0.0,0.0,0.0,0.0,0.0,0.0,86.3164547509831,0.0,0.0,0,0.0,3469.33401626041,0.0,0.0,149.595691203011,22.0641419310815,41.9835278441366,0.0,0.0,0.0,90.2635885603254,0.0,0.0,0.0,33.6872343147316,12.0349865078563,0.0,0.0,0.0,0.0,0.0,0.0,92.0274301423267,0.0,0.0,0.0,0.0,0.0,0.0,0.0,0.0,0.0,0.0,0.0,0.0,0.0,0.0,0.0,578.31790398635,0.0,35.1020356429658,29.4905496351668,0.0,45.6701333294808,0.0,0.0,0.0,11.0320709655408,0.0,21.9984238197809,0.0,24.0699730157292,0.0,0.0,0.0,0.0,0.0,1704.92383649686,28.9185922249562,0.0,0.0,1336.55526259446,0.0,0.0,93.2754922870014,27.0785520683625,0.0,0.0,0.0,20.3968290688543,0.0,0.0,0.0,0.0,0.0,0.0,0.0,1904.33147680555,36.2404485632211,0.0,0.0,0.0,0.0,0.0,24.6134915692374,227.880113479118,0.0,62.7198678196639,0.0,0.0,0.0,25.1237368841741,0.0,19.6557258830311,0.0,0.0,9591.13046841243,0.0,212.688001864186,0.0,0.0,43.1253683198412,0.0,0.0,388.63585253585,Complex Organic Waste,OFMSW
Hanna_2025,sample_D3,B2,CSTR,d49,0.0,,10.83919044796342,188.9425478767694,64.14686825053997,,113.7214845080014,,,,89.6694214876033,,,84.08942912958543,,,,,6.0,37,5.0,,0.0,0.0,0.0,107.242293866229,0.0,0.0,0.0,0.0,0.0,0.0,0.0,0.0,0.0,0.0,0.0,0.0,7556.85061088236,0.0,0.0,0.0,0.0,3847.16416116517,0.0,0.0,0.0,0.0,0.0,0.0,0.0,0.0,0.0,0.0,0.0,0.0,0.0,1425.51829824033,74.1631148132008,0.0,0.0,0.0,0.0,0.0,0.0,0.0,0.0,80.180908345281,0.0,0.0,0.0,0.0,0.0,0.0,0.0,0.0,0.0,0.0,0.0,0.0,0.0,0.0,0.0,86.0143537628406,0.0,0.0,0,0.0,4858.36710623081,0.0,0.0,161.656320139763,21.0475279262837,77.3468971449295,0.0,0.0,0.0,106.239552988628,0.0,0.0,0.0,28.0341807062861,0.0,0.0,0.0,0.0,0.0,0.0,0.0,132.965208799948,0.0,0.0,0.0,0.0,0.0,0.0,0.0,0.0,0.0,0.0,0.0,0.0,0.0,0.0,0.0,748.577123715444,0.0,48.3025092314822,53.1044294559932,0.0,61.4754667534703,0.0,0.0,0.0,0.0,0.0,23.2325016351468,0.0,15.0339685984696,0.0,0.0,0.0,0.0,0.0,2233.78439780094,0.0,0.0,0.0,1492.5326167896,0.0,0.0,124.281360778393,23.0520818590959,0.0,0.0,0.0,51.2824834050347,0.0,0.0,0.0,0.0,0.0,0.0,0.0,1970.59356752078,57.9588197689048,0.0,0.0,0.0,0.0,0.0,22.9021219896984,287.028171301129,0.0,67.1512271077422,0.0,0.0,0.0,55.7271962472823,0.0,27.0611377363332,0.0,0.0,8878.69637429528,0.0,186.421183730713,0.0,0.0,50.1132214328172,0.0,0.0,367.897503834136,Complex Organic Waste,OFMSW
Hanna_2025,sample_D4,B2,CSTR,d77,0.0,,5.216360403082395,46.89425478767694,4.495140388768899,,150.1305186698445,,,,11.98347107438016,,,137.5298458866942,,,,,6.0,50,5.0,,0.0,0.0,0.0,18.058060573136,0.0,0.0,0.0,0.0,0.0,0.0,367.993928543573,15.0483838109466,0.0,0.0,0.0,0.0,1517.94632936067,0.0,0.0,0.0,0.0,75.2419190547291,0.0,0.0,0.0,0.0,0.0,0.0,0.0,0.0,0.0,0.0,0.0,0.0,0.0,127.409649352534,0.0,0.0,0.0,0.0,0.0,0.0,0.0,0.0,0.0,0.0,0.0,0.0,0.0,0.0,0.0,0.0,0.0,0.0,0.0,0.0,0.0,0.0,0.0,0.0,9640.27302751073,0.0,0.0,0.0,0,0.0,0.0,0.0,0.0,0.0,0.0,0.0,0.0,0.0,0.0,0.0,0.0,0.0,0.0,0.0,0.0,0.0,0.0,0.0,10.0322558739644,0.0,0.0,0.0,0.0,0.0,0.0,0.0,0.0,0.0,32.1689460818416,0.0,0.0,0.0,0.0,0.0,0.0,0.0,0.0,0.0,0.0,0.0,0.0,0.0,0.0,0.0,0.0,0.0,0.0,0.0,0.0,0.0,0.0,0.0,0.0,0.0,0.0,0.0,25.080639684911,0.0,0.0,0.0,1646.80834386941,0.0,0.0,2350.36311522011,12.0387070487573,0.0,0.0,0.0,0.0,0.0,0.0,0.0,0.0,0.0,0.0,0.0,13.0595537674701,0.0,0.0,0.0,0.0,0.0,0.0,0.0,0.0,0.0,0.0,0.0,0.0,0.0,0.0,0.0,0.0,0.0,0.0,23.0741885101182,0.0,0.0,0.0,0.0,13672.402951737,0.0,0.0,0.0,Complex Organic Waste,OFMSW
Hanna_2025,sample_D5,B2,CSTR,d77,0.0,,5.216360403082395,46.89425478767694,4.495140388768899,,150.1305186698445,,,,11.98347107438016,,,137.5298458866942,,,,,6.0,50,5.0,,0.0,0.0,0.0,0.0,0.0,0.0,0.0,0.0,0.0,0.0,378.582402379703,25.083823855429,0.0,0.0,0.0,0.0,1760.89202730464,0.0,0.0,0.0,0.0,86.28835384341,0.0,0.0,0.0,0.0,0.0,0.0,0.0,0.0,0.0,0.0,0.0,0.0,0.0,123.412413014249,0.0,0.0,0.0,0.0,0.0,0.0,0.0,0.0,0.0,0.0,0.0,0.0,0.0,0.0,0.0,0.0,0.0,0.0,0.0,0.0,0.0,0.0,0.0,0.0,8511.53323649029,0.0,0.0,0.0,0,0.0,0.0,0.0,0.0,0.0,0.0,0.0,0.0,0.0,0.0,0.0,0.0,0.0,0.0,0.0,0.0,0.0,0.0,0.0,0.0,0.0,0.0,0.0,0.0,0.0,0.0,0.0,0.0,0.0,31.0919059376286,0.0,0.0,0.0,0.0,0.0,0.0,0.0,0.0,0.0,0.0,0.0,0.0,0.0,0.0,0.0,0.0,0.0,0.0,0.0,0.0,0.0,0.0,0.0,0.0,0.0,0.0,0.0,0.0,0.0,0.0,0.0,1527.05392903254,0.0,0.0,2340.11135771685,14.0469413233458,0.0,0.0,0.0,0.0,0.0,0.0,0.0,0.0,0.0,0.0,0.0,0.0,0.0,0.0,0.0,0.0,0.0,0.0,0.0,0.0,0.0,0.0,0.0,0.0,0.0,0.0,0.0,0.0,0.0,0.0,0.0,0.0,0.0,0.0,0.0,13330.9036091018,0.0,0.0,0.0,Complex Organic Waste,OFMSW
Hanna_2025,sample_D6,B2,CSTR,d77,0.0,,5.216360403082395,46.89425478767694,4.495140388768899,,150.1305186698445,,,,11.98347107438016,,,137.5298458866942,,,,,6.0,50,5.0,,0.0,0.0,0.0,10.0422128415908,0.0,0.0,0.0,0.0,0.0,0.0,382.386989598567,15.0633192623861,0.0,0.0,0.0,0.0,1612.77945795258,0.0,0.0,0.0,0.0,105.442604573461,0.0,0.0,0.0,0.0,0.0,0.0,0.0,0.0,0.0,0.0,0.0,0.0,0.0,171.526434075137,0.0,0.0,0.0,0.0,0.0,0.0,0.0,0.0,0.0,0.0,0.0,0.0,0.0,0.0,0.0,0.0,0.0,0.0,0.0,0.0,0.0,0.0,0.0,0.0,10454.8921831917,0.0,0.0,0.0,0,0.0,0.0,0.0,0.0,0.0,0.0,0.0,0.0,0.0,0.0,0.0,0.0,0.0,0.0,0.0,0.0,0.0,0.0,0.0,14.0590979782271,0.0,0.0,0.0,0.0,0.0,0.0,0.0,0.0,0.0,35.039912666122,0.0,0.0,0.0,0.0,0.0,0.0,0.0,0.0,0.0,0.0,0.0,0.0,0.0,0.0,0.0,0.0,0.0,0.0,0.0,0.0,0.0,0.0,0.0,0.0,0.0,0.0,0.0,25.1055321039769,0.0,0.0,0.0,2015.51371464612,0.0,0.0,2905.99959643011,12.0506710636789,0.0,0.0,0.0,0.0,0.0,0.0,0.0,0.0,0.0,0.0,0.0,12.0506561299451,0.0,0.0,0.0,0.0,0.0,0.0,0.0,0.0,0.0,0.0,0.0,0.0,0.0,0.0,0.0,0.0,0.0,0.0,0.0,0.0,0.0,0.0,0.0,13868.0476174864,0.0,0.0,0.0,Complex Organic Waste,OFMSW
Hanna_2025,sample_D7,B2,CSTR,d96,0.0,,11.1101702091625,233.5054121565362,48.02915766738661,,274.9744637385087,,,,252.6859504132232,,,1.38919036249186,,,,,6.5,37,5.0,,0.0,0.0,0.0,2696.50081528373,0.0,0.0,0.0,60.1623421673373,0.0,0.0,0.0,0.0,0.0,0.0,0.0,0.0,5994.34013794963,0.0,0.0,0.0,0.0,3812.51176212385,0.0,0.0,0.0,0.0,0.0,0.0,0.0,0.0,0.0,0.0,0.0,0.0,83.2245724213067,413.114729434029,0.0,0.0,0.0,0.0,0.0,0.0,0.0,0.0,0.0,141.053607466327,0.0,0.0,0.0,0.0,0.0,0.0,0.0,0.0,126.340918551408,0.0,0.0,0.0,0.0,0.0,30.0811710836687,172.304583556632,0.0,0.0,0,0.0,706.25442520464,0.0,0.0,104.3635025429,0.0,14.0330262553901,0.0,0.0,0.0,245.662899171688,0.0,0.0,0.0,294.766013731274,0.0,0.0,0.0,0.0,0.0,0.0,0.0,45.4680506988518,0.0,0.0,0.0,0.0,0.0,23.062231164146,0.0,0.0,0.0,18.4631132040286,0.0,0.0,0.0,0.0,0.0,69.186696737316,0.0,0.0,0.0,25.0676425697251,135.624862925945,0.0,0.0,10.0270570278896,0.0,0.0,67.3420794099278,0.0,0.0,0.0,0.0,0.0,0.0,0.0,3976.94852803366,1124.03020745026,0.0,0.0,2721.24727857183,0.0,0.0,563.009038993149,20.0541140557791,0.0,0.0,0.0,257.893379149684,0.0,0.0,0.0,0.0,0.0,12.0324684334675,0.0,2981.4434961225,0.0,0.0,0.0,0.0,0.0,0.0,0.0,37.7434978532395,0.0,44.1124169552306,0.0,0.0,0.0,0.0,0.0,0.0,0.0,0.0,120.324684334674,0.0,0.0,0.0,0.0,38.1028167059803,0.0,0.0,1720.1018326589,Complex Organic Waste,OFMSW
Hanna_2025,sample_D8,B2,CSTR,d96,0.0,,11.1101702091625,233.5054121565362,48.02915766738661,,274.9744637385087,,,,252.6859504132232,,,1.38919036249186,,,,,6.5,37,5.0,,0.0,0.0,0.0,2736.77789021284,0.0,0.0,0.0,57.157493975885,0.0,0.0,0.0,15.0459290262496,0.0,0.0,0.0,0.0,6599.51684783357,0.0,0.0,0.0,0.0,3982.40934908533,0.0,0.0,0.0,0.0,0.0,0.0,0.0,0.0,0.0,0.0,0.0,0.0,96.7683190177203,443.221268083798,0.0,0.0,0.0,0.0,0.0,0.0,0.0,0.0,0.0,127.350907531545,0.0,0.0,0.0,0.0,0.0,0.0,0.0,0.0,159.439325301204,0.0,0.0,0.0,0.0,0.0,0.0,190.958122997293,0.0,0.0,0,0.0,761.040378484331,0.0,0.0,117.320883965546,0.0,0.0,0.0,0.0,0.0,226.835320606037,0.0,0.0,0.0,327.747341537486,0.0,0.0,0.0,0.0,0.0,0.0,0.0,57.4857068315672,0.0,0.0,0.0,0.0,0.0,37.1022329317269,0.0,0.0,0.0,0.0,0.0,0.0,0.0,0.0,0.0,66.1823601000409,0.0,0.0,13.0359196787149,28.0773654618474,163.262923603323,0.0,0.0,0.0,0.0,0.0,82.7961902557187,0.0,0.0,0.0,0.0,0.0,0.0,0.0,4340.99497759411,1209.18382621143,0.0,0.0,3178.09625258549,0.0,0.0,629.878433181894,18.0522558647457,0.0,0.0,0.0,256.275530027344,0.0,0.0,0.0,0.0,0.0,15.0414457831325,0.0,3117.72625216135,0.0,0.0,0.0,0.0,0.0,0.0,0.0,35.1534849700564,0.0,49.9192241296274,0.0,0.0,0.0,0.0,0.0,0.0,0.0,0.0,99.2736073547542,0.0,0.0,0.0,0.0,25.0690763052209,0.0,0.0,1946.80355730902,Complex Organic Waste,OFMSW
Hanna_2025,sample_D9,B2,CSTR,d96,0.0,,11.1101702091625,233.5054121565362,48.02915766738661,,274.9744637385087,,,,252.6859504132232,,,1.38919036249186,,,,,6.5,37,5.0,,0.0,0.0,0.0,2527.96659292258,0.0,0.0,0.0,74.1548736573205,0.0,0.0,0.0,21.0439478731767,0.0,0.0,0.0,0.0,6289.71005303365,0.0,0.0,0.0,0.0,4334.20744589599,0.0,0.0,0.0,0.0,0.0,0.0,0.0,0.0,0.0,0.0,0.0,0.0,138.290114951168,520.086208043669,0.0,0.0,0.0,0.0,0.0,0.0,0.0,0.0,0.0,153.318915242488,0.0,0.0,0.0,0.0,0.0,0.0,0.0,0.0,190.397649030644,0.0,0.0,0.0,0.0,0.0,0.0,249.759761086445,0.0,0.0,0,0.0,802.910285205296,0.0,0.0,112.178770382898,0.0,0.0,0.0,0.0,0.0,212.385319559587,0.0,0.0,0.0,374.056176257329,0.0,0.0,0.0,0.0,0.0,0.0,0.0,45.7224687615087,0.0,0.0,0.0,0.0,0.0,31.0648795050937,0.0,0.0,0.0,0.0,0.0,0.0,0.0,0.0,0.0,62.1297590101689,0.0,0.0,18.0541765205943,30.0627866178326,202.815192890502,0.0,0.0,0.0,0.0,0.0,112.997864102069,0.0,0.0,0.0,0.0,0.0,0.0,0.0,4468.06386005316,1348.29620414155,0.0,0.0,3634.60362350548,0.0,0.0,827.192200957162,28.0586008433105,0.0,0.0,0.0,327.072375212729,0.0,0.0,0.0,26.0544150687883,0.0,30.0627866178326,0.0,3232.25082536627,0.0,0.0,0.0,0.0,0.0,0.0,0.0,29.8289039484342,0.0,50.1047007685205,0.0,16.0334599841576,0.0,0.0,0.0,0.0,0.0,0.0,163.339872196014,0.0,0.0,0.0,0.0,22.0460435197439,0.0,0.0,1852.67888726677,Complex Organic Waste,OFMSW
Hanna_2025,sample_E1,B2,CSTR,d127,0.0,,134.9140486069947,227.2772689425479,50.29697624190065,,191.0339348541596,,,,86.72520661157024,,,59.95224658128934,,,,,7.0,37,2.5,,0.0,0.0,0.0,1463.88447499559,0.0,0.0,0.0,117.472217868338,0.0,0.0,13.0524686520376,46.18565830721,0.0,0.0,0.0,0.0,1328.0865327987,0.0,0.0,0.0,0.0,4919.79386616452,0.0,0.0,0.0,0.0,0.0,0.0,0.0,0.0,0.0,0.0,0.0,0.0,60.9716653415386,73.2941841287825,0.0,0.0,0.0,0.0,0.0,0.0,0.0,0.0,0.0,194.08091962406,0.0,0.0,0.0,0.0,0.0,0.0,0.0,0.0,30.1210798159199,0.0,0.0,0.0,0.0,0.0,0.0,32.0669469595709,0.0,0.0,0,0.0,34.1372257053292,0.0,29.1170454545455,57.3232152579549,0.0,25.1009012539068,0.0,45.7004860639441,37.8242306143701,152.613479659396,0.0,0.0,0.0,256.358712825716,0.0,0.0,0.0,75.1428733595076,15.0605407523511,0.0,0.0,28.9276454979615,0.0,0.0,34.1372257053292,32.9155768045353,0.0,209.843534483221,0.0,27.373125363667,0.0,3584.64170498901,138.089661504181,83.7036505697252,0.0,552.681373428873,66.8434201524556,0.0,0.0,30.026741639457,0.0,55.2219829448039,350.064775451085,29.6060635055835,106.529642368307,19.9019221090148,0.0,0.0,19.1388915984228,11.52956879499,0.0,0.0,36.8755998314726,0.0,0.0,67.7442268253668,2812.34159757088,0.0,0.0,0.0,1695.715452916,0.0,0.0,2163.30396107483,18.0726489028213,21.0847570532915,161.649804117375,56.1034931478407,447.99227784213,0.0,0.0,49.1977664576802,287.712195169177,0.0,0.0,205.413788167074,1248.19906279887,0.0,0.0,0.0,0.0,0.0,24.0968697863678,0.0,0.0,73.2953510015233,13.0524686519466,0.0,35.5278101334801,112.961203205451,0.0,279.129572262138,0.0,0.0,89.5272456658687,899.306236693963,332.78208382771,0.0,0.0,0.0,0.0,0.0,0.0,103.349294382789,Complex Organic Waste,OFMSW
Hanna_2025,sample_E2,B2,CSTR,d127,0.0,,134.9140486069947,227.2772689425479,50.29697624190065,,191.0339348541596,,,,86.72520661157024,,,59.95224658128934,,,,,7.0,37,2.5,,0.0,0.0,0.0,1342.09924619186,0.0,0.0,0.0,165.381908606082,0.0,0.0,16.0370335616653,51.1180444778093,0.0,0.0,0.0,0.0,1664.99368091373,0.0,0.0,0.0,0.0,6575.111956379,0.0,0.0,0.0,0.0,0.0,0.0,0.0,0.0,0.0,0.0,0.0,0.0,35.220788606212,88.2029110176655,0.0,0.0,0.0,0.0,0.0,0.0,0.0,0.0,0.0,288.943196487236,0.0,0.0,0.0,0.0,0.0,0.0,0.0,0.0,54.1249882706202,0.0,0.0,0.0,0.0,0.0,0.0,27.8747559266103,0.0,0.0,0,0.0,84.19442619836,0.0,12.0277751712489,82.4279357008043,0.0,23.960305242656,0.0,56.82140390702,70.7598621191956,164.379594007069,0.0,0.0,0.0,320.305193459186,0.0,19.8473324000691,0.0,95.3977351179637,35.0810109161428,0.0,0.0,41.3289226419916,0.0,0.0,66.1527634418692,34.6957852784112,13.347922673719,234.223923875068,0.0,70.5814597845157,0.0,4510.32104491645,197.20172820376,131.180014037565,40.7706104940242,838.590385805282,74.1857610581809,0.0,0.0,29.5584174622529,0.0,69.1597072346814,396.744731575529,57.7886616943168,86.3347079994553,31.0001155973847,0.0,11.0397182737304,35.2568060223612,14.3429325229233,0.0,0.0,50.2322668811658,0.0,0.0,113.139836361078,3522.8295390366,0.0,0.0,0.0,2092.3803050028,0.0,12.0460380787458,2702.40852324139,31.0717525257264,24.0972823667099,95.2198867843184,63.9584222900886,532.053292065275,0.0,0.0,47.1087860873917,284.29220479974,0.0,0.0,211.600050220291,1709.92045621406,0.0,0.0,0.0,0.0,0.0,24.0556095174278,0.0,0.0,99.9328098722962,13.0301198637849,0.0,25.0838929075643,115.372600394518,0.0,319.069513700742,0.0,0.0,98.9859842632541,1126.32301294416,348.168337220858,0.0,0.0,0.0,0.0,0.0,0.0,124.502272088328,Complex Organic Waste,OFMSW
Hanna_2025,sample_E3,B2,CSTR,d127,0.0,,134.9140486069947,227.2772689425479,50.29697624190065,,191.0339348541596,,,,86.72520661157024,,,59.95224658128934,,,,,7.0,37,2.5,,0.0,0.0,0.0,1083.90323448614,0.0,0.0,0.0,185.840684309007,0.0,0.0,0.0,46.2090350173899,0.0,0.0,0.0,0.0,1515.47387777201,0.0,0.0,0.0,0.0,6073.71388968649,0.0,0.0,0.0,0.0,0.0,0.0,0.0,0.0,0.0,0.0,0.0,0.0,50.8746265017683,109.462700616226,0.0,0.0,0.0,0.0,0.0,0.0,0.0,0.0,0.0,280.542366728822,0.0,0.0,0.0,0.0,0.0,0.0,0.0,0.0,22.0999732691794,0.0,0.0,0.0,0.0,0.0,0.0,17.2631713664779,0.0,0.0,0,0.0,0.0,0.0,16.0727078321304,54.0831770831162,0.0,17.9220625310888,0.0,53.2408482093379,34.8323790222579,233.056278428522,0.0,0.0,0.0,346.79570411825,0.0,10.7050231025735,0.0,98.429075519229,23.1045175086875,0.0,0.0,21.0901383129379,0.0,0.0,52.2363004562708,37.0045754386697,0.0,242.095161721465,0.0,46.113078832243,0.0,4377.79000088741,204.209020920016,80.7286692517084,14.0636193531141,629.374680744143,52.236299383856,0.0,0.0,39.5911832121357,0.0,85.3736365507197,456.290322904603,37.3519886056813,103.999246780307,40.2228574227302,0.0,0.0,14.882244297783,0.0,0.0,0.0,41.7813658364123,19.246007010195,0.0,93.1375261261067,3744.05863233416,0.0,0.0,0.0,1904.91335841359,0.0,13.8719564217976,2504.37670803811,26.1133358755859,15.0681635926223,100.454423950833,49.0903346065501,512.166703875285,0.0,0.0,41.1863138198343,286.306670177744,0.0,0.0,102.493207886198,1582.08766137513,0.0,0.0,0.0,0.0,0.0,18.1116962854292,0.0,0.0,98.4099421246377,12.0545308740978,0.0,31.3579905058344,137.09865980615,0.0,322.853511656693,0.0,13.0589912889032,60.3451731565025,1029.84554789279,382.719793345832,0.0,0.0,0.0,0.0,0.0,0.0,113.513435538463,Complex Organic Waste,OFMSW
Hanna_2025,sample_E4,B2,CSTR,d150,33.93650088809947,,131.4929291218562,162.9308909242298,98.12365010799137,,175.4170922710248,,,,38.17148760330579,,,257.5211634469286,,,,,7.0,37,1.25,,0.0,0.0,0.0,180.686101503494,0.0,0.0,0.0,55.2096421260676,0.0,0.0,0.0,23.0876685254465,0.0,0.0,0.0,0.0,508.744961707664,0.0,0.0,0.0,0.0,8881.18917861352,0.0,0.0,0.0,0.0,0.0,0.0,0.0,0.0,0.0,0.0,0.0,0.0,25.4591915526461,76.7504532772761,0.0,0.0,0.0,0.0,0.0,0.0,0.0,0.0,0.0,146.079599865679,0.0,0.0,0.0,0.0,0.0,0.0,0.0,0.0,0.0,0.0,0.0,0.0,0.0,0.0,0.0,0.0,0.0,0.0,0,0.0,0.0,0.0,14.0533634502718,0.0,0.0,21.0800447058859,0.0,19.0724218253688,0.0,169.64417829072,0.0,0.0,0.0,131.000753124156,0.0,0.0,0.0,34.1297464498155,0.0,0.0,0.0,29.7313917943602,0.0,0.0,214.815698454574,0.0,0.0,0.0,0.0,20.00032373,38.1448407805643,2966.01709561204,31.1234437282825,0.0,470.11720495563,144.96535549697,44.1808420803801,0.0,0.0,64.1294228257912,0.0,0.0,146.817969131823,0.0,63.967921771823,51.9306790405819,0.0,0.0,0.0,0.0,0.0,0.0,0.0,0.0,0.0,14.3300288165835,4094.81991722809,0.0,564.085367408559,0.0,815.312961211619,0.0,15.0481726209399,3683.41586019472,14.0533634502718,0.0,30.1143502505823,0.0,247.863528166813,50.982813007069,0.0,71.2706289263782,98.564139165533,0.0,0.0,143.717310946851,280.216882248154,0.0,22.098082225237,26.0990079775951,0.0,0.0,20.38192320566,0.0,0.0,28.7524889235301,0.0,0.0,0.0,70.1204961884754,0.0,132.197451397288,0.0,0.0,188.069154202361,3110.98685656504,147.369721251762,0.0,0.0,0.0,0.0,0.0,0.0,0.0,Complex Organic Waste,OFMSW
Hanna_2025,sample_E5,B2,CSTR,d150,33.93650088809947,,131.4929291218562,162.9308909242298,98.12365010799137,,175.4170922710248,,,,38.17148760330579,,,257.5211634469286,,,,,7.0,37,1.25,,0.0,0.0,0.0,268.951022415853,0.0,0.0,0.0,45.1596865996768,0.0,0.0,0.0,13.0461312430451,0.0,0.0,0.0,0.0,546.166770401909,0.0,0.0,0.0,0.0,9952.1942346685,0.0,0.0,0.0,0.0,0.0,0.0,0.0,0.0,0.0,0.0,0.0,0.0,18.7920226894774,95.3373657921857,0.0,0.0,0.0,0.0,0.0,0.0,0.0,0.0,0.0,121.420037119812,0.0,0.0,0.0,0.0,0.0,0.0,0.0,0.0,0.0,0.0,0.0,0.0,0.0,0.0,0.0,0.0,0.0,0.0,0,0.0,0.0,0.0,0.0,0.0,0.0,0.0,0.0,17.0603260487668,20.6353621604174,164.581969275943,0.0,0.0,0.0,153.20352980825,0.0,0.0,0.0,44.1577060847737,0.0,0.0,0.0,29.2203810652028,0.0,0.0,170.603260497405,0.0,0.0,0.0,0.0,11.0825475111004,53.1755768433858,2762.83996581225,27.4627431122719,0.0,390.610449585102,122.82852664402,44.9206388778911,0.0,0.0,78.3196902051199,0.0,0.0,139.975853947902,0.0,47.4866301756464,101.610520950427,0.0,0.0,0.0,0.0,0.0,0.0,0.0,0.0,0.0,14.3206403981913,2800.36980732021,0.0,441.450091490426,0.0,915.630995535577,0.0,0.0,4099.59533981415,16.0567774576628,0.0,31.1100063242218,15.0290275472785,270.077198418885,50.2238208113542,0.0,40.1419436441571,44.1561281485189,0.0,0.0,105.214060930666,183.597780208164,0.0,19.0917954303534,35.1207947339239,0.0,0.0,0.0,0.0,0.0,20.0709718221103,0.0,0.0,16.1007442450917,65.4311447100388,0.0,74.2867963182286,0.0,0.0,190.260183577485,3608.58678470327,66.2342168737081,0.0,0.0,0.0,0.0,0.0,0.0,0.0,Complex Organic Waste,OFMSW
Hanna_2025,sample_E6,B2,CSTR,d150,33.93650088809947,,131.4929291218562,162.9308909242298,98.12365010799137,,175.4170922710248,,,,38.17148760330579,,,257.5211634469286,,,,,7.0,37,1.25,,0.0,0.0,0.0,357.684519681827,0.0,0.0,0.0,43.2034672649398,0.0,0.0,0.0,15.070976952886,0.0,0.0,0.0,0.0,453.563776059036,0.0,0.0,0.0,0.0,7580.94509868021,0.0,0.0,0.0,0.0,0.0,0.0,0.0,0.0,0.0,0.0,0.0,0.0,45.5147304142065,75.7209295515053,0.0,0.0,0.0,0.0,0.0,0.0,0.0,0.0,0.0,182.894725338737,0.0,0.0,0.0,0.0,0.0,0.0,0.0,0.0,0.0,0.0,0.0,0.0,0.0,0.0,0.0,0.0,0.0,0.0,0,0.0,0.0,0.0,0.0,0.0,0.0,19.0899041384712,0.0,0.0,0.0,201.951091307318,0.0,0.0,0.0,114.805020268969,0.0,0.0,0.0,47.3649853703225,0.0,0.0,0.0,25.0336709037679,0.0,0.0,150.709769529265,13.2574274910737,0.0,0.0,0.0,0.0,60.6624540516326,2812.36129805973,20.4514869235324,0.0,304.026803281646,105.319913520017,32.5053536189135,0.0,0.0,55.2109510896209,0.0,0.0,108.105502123012,0.0,60.0086265172681,62.6990140205432,0.0,0.0,0.0,0.0,0.0,0.0,0.0,11.0520496887481,0.0,13.2404437470033,3459.51993026692,0.0,518.975483806081,0.0,697.356905681246,0.0,0.0,3084.59331590081,0.0,0.0,48.2271862307458,0.0,186.853966552569,29.5228670886549,0.0,57.2697124209667,94.7219210992976,0.0,0.0,110.589918562685,214.571229572192,0.0,14.0710048520992,32.141305087496,0.0,0.0,13.0615134358695,0.0,0.0,31.1449830985975,0.0,0.0,0.0,75.0885455468624,0.0,120.567754584616,0.0,0.0,141.442036034089,2560.30862088395,168.517809700024,0.0,0.0,0.0,0.0,0.0,0.0,0.0,Complex Organic Waste,OFMSW
